Date,Time,Latitude,Longitude,Depth,Magnitude,population_impacted
01/02/1965,13:44:18,19.246,145.616,131.6,6.0,0
01/04/1965,11:29:49,1.863,127.352,80.0,5.8,34100
01/05/1965,18:05:58,-20.579,-173.972,20.0,6.2,4798
01/08/1965,18:49:43,-59.076,-23.557,15.0,5.8,0
01/09/1965,13:32:50,11.938,126.427,15.0,5.8,4418
01/10/1965,13:36:32,-13.405,166.629,35.0,6.7,486
01/12/1965,13:32:25,27.357,87.867,20.0,5.9,2247163
01/15/1965,23:17:42,-13.309,166.212,35.0,6.0,486
01/16/1965,11:32:37,-56.452,-27.043,95.0,6.0,0
01/17/1965,10:43:17,-24.563,178.487,565.0,5.8,0
01/17/1965,20:57:41,-6.807,108.988,227.9,5.9,1575300
01/24/1965,00:11:17,-2.608,125.952,20.0,8.2,0
01/29/1965,09:35:30,54.636,161.703,55.0,5.5,0
02/01/1965,05:27:06,-18.697,-177.864,482.9,5.6,0
02/02/1965,15:56:51,37.523,73.251,15.0,6.0,9110
02/04/1965,03:25:00,-51.84,139.741,10.0,6.1,0
02/04/1965,05:01:22,51.251,178.715,30.3,8.7,0
02/04/1965,06:04:59,51.639,175.055,30.0,6.0,0
02/04/1965,06:37:06,52.528,172.007,25.0,5.7,0
02/04/1965,06:39:32,51.626,175.746,25.0,5.8,0
02/04/1965,07:11:23,51.037,177.848,25.0,5.9,0
02/04/1965,07:14:59,51.73,173.975,20.0,5.9,0
02/04/1965,07:23:12,51.775,173.058,10.0,5.7,0
02/04/1965,07:43:43,52.611,172.588,24.0,5.7,0
02/04/1965,08:06:17,51.831,174.368,31.8,5.7,0
02/04/1965,08:33:41,51.948,173.969,20.0,5.6,0
02/04/1965,08:40:44,51.443,179.605,30.0,7.3,0
02/04/1965,12:06:08,52.773,171.974,30.0,6.5,0
02/04/1965,12:50:59,51.772,174.696,20.0,5.6,0
02/04/1965,14:18:29,52.975,171.091,25.0,6.4,0
02/04/1965,15:51:25,52.99,170.874,25.0,5.8,0
02/04/1965,18:34:12,51.536,175.045,25.0,5.8,0
02/04/1965,19:44:04,13.245,-44.922,10.0,5.8,0
02/04/1965,22:30:03,51.812,174.206,10.0,5.7,0
02/05/1965,06:39:50,51.762,174.841,25.0,5.7,0
02/05/1965,09:32:11,52.438,174.321,39.5,6.3,0
02/05/1965,13:38:47,51.946,173.84,30.0,5.7,0
02/05/1965,20:47:12,51.738,174.566,20.0,6.0,0
02/05/1965,22:16:02,51.487,176.558,30.4,5.6,0
02/06/1965,01:40:32,53.008,-162.008,17.8,6.4,0
02/06/1965,04:02:54,52.184,175.505,27.7,6.2,0
02/06/1965,07:14:45,52.076,172.918,30.1,5.6,0
02/06/1965,12:22:28,51.744,175.213,37.4,5.7,0
02/06/1965,14:11:11,52.057,174.116,17.5,5.7,0
02/06/1965,16:50:29,53.191,-161.859,22.5,6.3,0
02/06/1965,18:10:30,51.447,176.469,25.2,5.8,0
02/07/1965,02:17:08,51.258,173.393,17.7,5.7,0
02/07/1965,04:11:22,52.031,175.411,25.0,5.7,0
02/07/1965,09:25:52,51.294,179.092,25.0,5.8,0
02/08/1965,15:46:52,55.223,165.426,32.5,5.9,615
02/09/1965,05:42:05,-18.718,169.386,200.0,5.6,1030
02/09/1965,17:37:17,52.815,171.904,30.0,6.0,0
02/12/1965,00:55:10,52.188,172.752,25.0,5.8,0
02/15/1965,01:25:07,51.009,179.325,20.0,5.8,0
02/15/1965,10:43:29,3.026,125.951,100.0,5.9,0
02/16/1965,12:24:10,38.908,142.095,53.5,5.7,1084305
02/17/1965,10:18:51,51.694,176.446,30.0,5.7,0
02/17/1965,18:23:57,21.527,143.081,340.0,5.6,0
02/18/1965,04:26:37,25.011,94.186,55.0,5.6,854026
02/18/1965,22:39:48,-7.251,126.715,35.0,5.9,0
02/18/1965,23:13:40,51.415,179.358,40.4,5.8,0
02/21/1965,11:14:18,-15.343,-172.889,35.0,5.8,0
02/23/1965,22:11:47,-25.633,-70.679,35.0,7.0,23664
02/25/1965,04:51:29,-5.461,151.98,40.0,6.2,46321
02/25/1965,05:22:14,51.884,173.072,20.3,6.2,0
02/26/1965,23:36:14,6.746,-72.971,160.0,5.6,4340448
02/27/1965,07:46:25,28.133,-112.208,10.0,6.0,22605
03/01/1965,07:20:56,-5.377,152.115,30.0,5.9,42644
03/01/1965,08:18:57,21.104,121.218,30.0,5.7,25087
03/01/1965,09:08:48,-5.371,152.055,40.0,5.5,46321
03/01/1965,13:20:57,21.122,121.148,30.0,5.6,25087
03/01/1965,19:22:04,52.204,173.911,33.6,5.7,0
03/01/1965,21:32:14,15.404,-92.623,105.2,5.6,924435
03/02/1965,22:00:05,38.399,28.226,10.0,5.8,12576347
03/03/1965,14:39:02,-27.145,-177.262,15.0,5.6,0
03/03/1965,15:14:08,-5.514,151.819,14.8,6.7,62309
03/03/1965,16:47:28,53.046,171.308,25.7,6.3,0
03/04/1965,01:48:56,-5.487,146.993,200.0,5.7,0
03/05/1965,06:15:04,50.928,179.511,30.0,5.5,0
03/05/1965,13:42:47,52.39,174.937,35.0,5.6,0
03/05/1965,14:32:18,-27.027,-63.214,560.8,5.8,20774
03/05/1965,17:59:16,52.416,174.239,35.0,5.6,0
03/06/1965,11:10:51,-18.425,-132.923,10.0,5.6,0
03/06/1965,20:23:57,20.13,121.461,45.0,5.8,63743
03/07/1965,01:43:11,-29.998,-177.968,50.0,6.0,0
03/09/1965,17:57:55,39.197,23.86,15.0,6.1,393709
03/13/1965,07:33:24,53.292,-162.331,20.0,5.7,0
03/14/1965,15:53:07,36.405,70.724,207.8,7.4,856847
03/15/1965,02:02:09,22.635,121.117,15.0,5.8,7219255
03/16/1965,16:46:17,40.697,143.032,32.1,6.4,0
03/17/1965,14:27:15,52.785,171.821,25.0,6.0,0
03/18/1965,06:22:12,-20.036,-175.89,224.9,6.3,104000
03/18/1965,12:40:45,-55.857,-26.758,35.0,5.7,0
03/19/1965,16:20:53,-1.887,119.836,40.0,6.0,61702
03/21/1965,11:08:19,-1.547,126.623,28.9,6.3,0
03/22/1965,02:44:49,-15.262,-173.254,30.5,6.5,759
03/22/1965,22:56:27,-31.974,-71.573,48.8,6.2,16913543
03/23/1965,23:54:05,-15.382,-173.194,25.0,6.2,759
03/24/1965,22:42:12,8.418,126.553,55.0,5.7,3082728
03/28/1965,13:23:01,55.26,161.904,40.0,5.8,0
03/28/1965,16:33:16,-32.522,-71.233,70.0,7.4,18583245
03/29/1965,10:47:38,40.687,142.915,30.0,6.4,0
03/30/1965,00:21:00,-20.502,-173.701,20.0,5.9,137
03/30/1965,02:27:06,50.282,177.959,20.0,7.6,0
03/31/1965,09:47:31,38.365,22.405,75.0,6.8,12388263
04/01/1965,07:08:37,9.986,125.896,60.0,5.9,2461099
04/03/1965,11:20:43,15.8,-98.067,10.0,5.8,89502
04/04/1965,13:30:39,51.865,175.172,30.7,5.7,0
04/04/1965,15:36:13,-27.088,-176.046,25.0,5.6,0
04/05/1965,03:12:53,37.505,22.067,20.0,6.1,904778
04/05/1965,13:52:12,44.812,150.871,39.2,5.7,0
04/06/1965,05:31:59,36.083,139.968,50.0,5.7,192115717
04/06/1965,09:42:29,-0.463,120.039,25.0,6.2,335297
04/08/1965,13:43:54,52.192,173.437,25.0,6.1,0
04/09/1965,10:45:26,-32.707,-178.207,20.0,6.0,0
04/09/1965,23:57:06,35.047,24.318,65.0,6.2,345269
04/10/1965,14:46:51,-20.455,-173.621,17.5,5.7,0
04/10/1965,22:32:48,-17.857,-178.646,543.7,6.5,0
04/10/1965,22:53:05,-13.409,170.376,635.0,6.3,0
04/11/1965,00:11:11,-42.692,174.205,20.0,5.9,3194
04/11/1965,18:51:37,-26.168,178.628,570.0,5.7,0
04/12/1965,20:41:17,30.317,138.702,421.7,5.6,0
04/15/1965,05:09:50,25.08,122.897,165.0,5.6,14549
04/16/1965,23:22:21,64.572,-160.375,15.0,6.0,1797
04/18/1965,06:33:58,41.46,-127.416,10.0,5.9,0
04/18/1965,09:39:19,-59.687,-26.454,25.0,6.1,0
04/18/1965,12:41:56,-59.586,-26.372,25.0,6.1,0
04/19/1965,23:42:00,34.848,138.332,35.0,6.0,6500273
04/24/1965,21:55:29,11.451,140.231,70.0,5.8,0
04/25/1965,01:00:15,24.409,142.776,30.0,6.0,0
04/26/1965,09:47:29,-1.733,126.568,25.0,5.7,0
04/26/1965,20:29:07,54.157,-162.59,36.8,5.6,57
04/26/1965,22:15:45,21.045,120.798,37.1,6.1,0
04/27/1965,10:54:24,-6.822,129.504,30.0,6.0,0
04/27/1965,14:09:10,35.626,23.425,60.0,6.1,116103
04/27/1965,20:09:17,1.333,-85.075,15.0,5.8,0
04/29/1965,15:28:45,47.288,-122.406,64.7,6.7,3816644
04/29/1965,15:48:55,-5.548,110.332,480.0,6.0,0
05/01/1965,21:27:54,60.35,-146.176,15.0,5.6,6335
05/02/1965,07:13:45,28.927,128.769,22.5,5.8,50448
05/03/1965,01:09:34,-32.537,-70.569,90.0,5.8,2824874
05/03/1965,10:01:38,13.683,-89.07,15.0,5.9,7024970
05/03/1965,16:09:09,-24.281,-67.927,110.0,5.7,2063
05/04/1965,08:34:43,41.801,79.414,10.0,6.2,3135573
05/12/1965,08:05:56,-3.523,137.924,50.0,5.7,22278
05/12/1965,10:33:47,-6.174,130.358,153.1,6.1,0
05/15/1965,23:58:36,-4.131,134.946,25.0,5.8,0
05/16/1965,11:35:47,5.268,125.467,35.0,5.9,2101955
05/17/1965,17:19:33,22.336,121.248,68.4,6.7,2154829
05/19/1965,03:00:58,-8.938,159.083,35.0,5.6,1122
05/19/1965,06:03:56,-6.575,105.311,35.0,5.6,0
05/19/1965,13:59:55,-4.819,152.436,50.0,5.5,106555
05/20/1965,00:40:27,-14.921,167.34,120.0,7.7,14382
05/22/1965,03:05:46,1.309,126.239,35.0,5.7,0
05/22/1965,10:31:39,-21.126,-178.537,553.8,6.1,0
05/23/1965,23:46:15,52.149,175.119,28.5,6.0,0
05/24/1965,23:21:12,13.174,124.604,25.0,5.9,4428970
05/25/1965,13:07:51,51.227,178.882,30.1,5.8,0
05/26/1965,19:44:13,-55.957,-27.875,125.0,6.0,0
05/31/1965,11:38:42,-7.566,128.578,150.0,5.9,0
06/02/1965,05:13:00,-23.54,-179.917,540.0,5.7,0
06/02/1965,23:40:23,15.674,-46.712,12.5,5.9,0
06/05/1965,03:49:03,-1.649,126.552,20.0,5.6,0
06/11/1965,02:37:35,51.884,174.015,20.0,5.6,0
06/11/1965,03:33:47,44.608,149.022,40.7,7.0,0
06/11/1965,03:34:04,44.578,148.699,58.0,7.2,6378
06/11/1965,07:11:04,44.133,149.255,31.6,5.5,0
06/11/1965,07:27:44,44.112,149.539,35.0,5.6,0
06/11/1965,08:41:01,44.299,149.032,32.6,5.7,0
06/12/1965,05:28:40,44.167,149.87,35.0,5.6,0
06/12/1965,05:40:58,43.775,149.448,38.0,5.7,0
06/12/1965,06:03:33,43.804,149.351,35.0,5.7,0
06/12/1965,18:45:44,43.885,149.339,35.0,5.5,0
06/12/1965,18:50:12,-20.38,-68.944,102.2,5.9,314322
06/13/1965,07:06:15,41.705,143.727,38.1,6.1,50687
06/13/1965,20:01:51,37.718,29.378,25.0,5.9,2718470
06/14/1965,07:30:42,-39.902,45.55,10.0,5.6,0
06/15/1965,09:20:34,-38.08,177.442,95.0,5.9,128196
06/15/1965,23:10:29,-21.025,173.574,25.0,6.2,0
06/17/1965,20:14:51,32.052,87.784,10.0,5.9,3900
06/20/1965,01:57:26,44.505,149.218,45.0,5.6,0
06/20/1965,18:04:34,42.973,-126.652,10.0,5.5,0
06/21/1965,00:21:17,28.134,55.891,25.0,5.9,211431
06/22/1965,23:48:07,7.175,123.613,40.0,6.3,6490638
06/23/1965,11:09:17,56.543,-152.948,20.0,6.5,289
06/24/1965,07:45:13,7.034,126.25,30.0,5.8,10119897
06/27/1965,09:45:45,-54.437,4.965,10.0,5.7,0
06/27/1965,11:08:59,60.281,-141.418,15.0,6.5,0
06/27/1965,11:36:14,23.764,121.56,40.0,5.9,25371346
06/28/1965,03:33:35,-5.01,153.06,25.0,6.0,0
06/30/1965,02:53:16,-1.734,126.53,30.0,5.8,0
06/30/1965,08:33:33,51.813,176.53,44.6,5.7,0
07/01/1965,23:12:42,-63.159,-163.707,10.0,6.1,0
07/02/1965,20:58:40,52.99,-167.739,45.0,7.8,0
07/03/1965,11:26:13,22.338,101.496,35.0,5.9,4811708
07/06/1965,03:04:21,-22.567,172.939,35.0,5.8,0
07/06/1965,03:18:45,38.384,22.545,20.0,6.3,12540010
07/06/1965,04:08:49,46.591,152.467,45.0,5.6,0
07/06/1965,18:36:46,-4.408,155.062,490.0,6.3,0
07/07/1965,23:00:00,-6.819,105.505,35.0,5.7,0
07/12/1965,13:57:15,-28.428,-68.25,112.4,5.7,35615
07/15/1965,18:33:30,7.74,123.811,570.0,6.0,10630797
07/17/1965,07:20:34,-9.72,159.888,25.0,5.9,55722
07/20/1965,13:18:28,7.56,124.247,24.6,5.7,14022035
07/21/1965,17:52:33,53.318,170.365,28.8,5.5,0
07/25/1965,03:40:43,1.813,99.276,105.0,5.5,390680
07/25/1965,13:33:04,41.278,146.682,15.0,5.6,0
07/25/1965,21:46:45,51.472,175.894,20.1,5.7,0
07/28/1965,22:29:09,-2.335,101.767,140.0,5.6,84624
07/29/1965,08:29:24,51.05,-171.289,21.4,6.8,0
07/29/1965,12:20:21,50.799,-171.607,15.0,5.7,0
07/29/1965,15:08:37,51.076,-171.466,20.0,5.6,0
07/30/1965,07:20:10,6.789,-72.907,160.0,5.6,4340448
08/01/1965,23:44:29,-32.441,-178.803,45.0,5.9,0
08/02/1965,13:19:57,-56.046,157.922,10.0,7.3,0
08/03/1965,02:01:53,-7.526,-81.179,26.3,5.7,0
08/05/1965,00:07:52,-5.213,151.701,60.0,6.5,62309
08/11/1965,03:40:58,-15.449,166.98,25.0,7.2,15480
08/11/1965,07:18:47,-15.67,167.216,30.0,5.8,15580
08/11/1965,19:52:32,-15.685,167.097,30.0,6.9,15580
08/11/1965,20:13:58,-15.741,167.26,30.0,6.0,15680
08/11/1965,22:31:51,-15.861,167.092,30.0,7.6,15530
08/12/1965,08:01:46,-15.817,167.399,30.0,6.9,15660
08/12/1965,12:57:15,-5.36,152.116,51.0,6.8,42644
08/12/1965,18:04:56,-15.931,167.392,35.0,5.9,15329
08/13/1965,04:40:57,-15.97,167.439,30.0,5.8,230743
08/13/1965,11:24:53,-15.995,166.96,25.0,6.1,15332
08/13/1965,12:40:10,-15.871,166.96,25.0,7.4,15510
08/13/1965,12:40:32,-16.198,167.607,35.0,7.2,231006
08/13/1965,17:56:30,-16.801,167.602,35.0,6.2,216952
08/13/1965,21:57:38,-6.38,148.543,30.0,6.0,44419
08/14/1965,11:07:47,-15.819,166.794,20.0,6.0,15530
08/14/1965,13:18:06,-11.385,166.332,35.0,5.7,2978
08/16/1965,12:36:22,-0.53,-19.951,15.0,6.2,0
08/17/1965,10:35:10,4.872,95.836,65.0,6.1,261118
08/17/1965,16:17:45,-15.185,166.67,30.0,5.8,13732
08/18/1965,14:51:34,-15.945,166.999,25.0,6.2,15430
08/20/1965,05:54:51,-5.714,128.493,330.0,6.7,0
08/20/1965,09:42:50,-18.954,-68.82,124.0,6.7,30473
08/20/1965,21:21:52,-22.887,-176.194,75.0,6.1,0
08/21/1965,15:04:20,-5.921,103.993,45.0,5.6,38622
08/23/1965,14:08:58,40.459,26.206,15.0,6.0,808871
08/23/1965,19:46:04,16.081,-95.867,25.0,7.4,370152
08/24/1965,01:01:00,15.837,-96.235,25.0,5.8,133773
08/27/1965,18:22:03,44.453,149.06,30.0,5.7,0
08/30/1965,03:32:08,-16.931,167.454,30.0,5.8,216150
08/30/1965,18:09:44,-6.428,104.667,55.0,5.7,0
09/01/1965,04:47:33,-34.596,179.922,100.0,5.8,0
09/02/1965,04:26:39,51.867,175.451,31.0,5.5,0
09/04/1965,10:19:51,46.515,153.387,15.0,5.9,0
09/04/1965,14:32:51,58.09,-152.525,27.8,7.0,6538
09/08/1965,03:26:22,57.513,-152.263,25.0,5.7,6754
09/09/1965,10:02:26,6.47,-84.408,15.0,6.2,0
09/11/1965,06:53:01,-5.349,152.955,44.6,6.2,0
09/12/1965,08:40:10,-6.209,151.651,15.0,6.1,38966
09/12/1965,22:02:35,-6.416,70.726,25.0,6.3,0
09/13/1965,13:07:51,55.338,165.731,18.9,5.9,615
09/13/1965,16:15:45,-36.448,-97.6,15.0,6.1,0
09/14/1965,08:27:18,8.382,126.895,35.0,5.8,1308291
09/16/1965,13:50:12,7.156,126.522,160.0,6.0,4564341
09/17/1965,11:13:57,-1.443,-77.476,185.9,6.5,38224
09/17/1965,14:22:38,36.269,141.533,35.0,5.8,1228179
09/17/1965,15:18:36,36.245,141.53,35.0,5.9,1291924
09/17/1965,16:21:20,36.27,141.361,35.0,6.8,2043665
09/18/1965,22:03:12,8.188,126.874,25.0,6.0,805873
09/21/1965,01:38:31,28.952,128.227,197.6,6.7,0
09/22/1965,04:24:50,20.682,99.326,35.0,5.9,108334
09/22/1965,20:01:50,-5.391,151.631,55.0,5.9,62309
09/22/1965,22:08:01,36.395,141.46,35.0,6.3,1635763
09/24/1965,23:53:43,13.092,145.167,45.0,5.6,231370
09/25/1965,14:53:34,39.626,143.357,27.5,5.7,0
09/26/1965,21:33:52,-54.757,-38.244,10.0,5.8,4
09/27/1965,05:09:13,51.752,175.5,35.0,5.6,0
09/28/1965,05:06:40,-28.278,-177.999,25.0,6.5,0
09/30/1965,23:47:42,59.28,-144.06,20.0,6.1,0
10/01/1965,08:52:06,49.937,178.166,19.7,6.8,0
10/01/1965,13:22:29,-19.921,174.48,545.5,6.2,0
10/01/1965,22:34:23,-60.468,-24.551,10.0,6.0,0
10/03/1965,14:45:31,49.426,156.417,50.0,5.9,0
10/03/1965,16:14:57,-42.969,-75.225,22.2,5.9,768
10/07/1965,03:36:02,12.347,114.485,20.0,5.9,0
10/10/1965,17:25:41,-59.225,-25.091,20.0,5.8,0
10/12/1965,13:41:01,56.19,-153.615,25.0,5.6,73
10/16/1965,08:22:55,3.113,128.558,192.4,5.7,1938
10/17/1965,01:53:35,-7.981,156.287,15.0,5.7,0
10/18/1965,21:50:07,-1.28,127.725,25.0,6.3,0
10/19/1965,20:48:49,52.366,174.254,35.0,6.1,0
10/23/1965,06:00:54,53.901,-165.403,45.0,5.6,6080
10/24/1965,14:32:11,4.203,125.787,145.1,5.9,0
10/24/1965,18:15:10,49.646,156.116,60.0,5.6,0
10/25/1965,22:34:24,44.12,145.389,170.0,6.7,144526
10/28/1965,08:58:27,-1.257,127.735,25.0,5.6,0
11/03/1965,01:39:04,-9.031,-71.139,593.8,6.7,17101
11/03/1965,18:21:08,-22.457,-113.788,15.0,6.1,0
11/05/1965,19:01:04,-3.144,143.789,15.0,5.9,104887
11/06/1965,09:21:47,-22.126,-113.928,15.0,6.2,0
11/12/1965,17:52:24,30.628,140.23,20.0,6.4,0
11/13/1965,04:33:52,43.745,87.843,35.0,6.5,9776754
11/13/1965,17:59:43,-29.414,-68.166,45.0,5.7,75370
11/14/1965,05:54:13,36.514,141.229,40.0,5.7,2097313
11/15/1965,11:18:50,-0.224,-18.645,10.0,6.1,0
11/16/1965,06:45:59,6.553,126.903,110.0,5.9,1082357
11/16/1965,15:24:44,30.887,-41.479,10.0,6.0,0
11/16/1965,17:05:41,25.449,125.319,94.7,5.7,52931
11/18/1965,17:17:20,-7.058,129.347,160.0,5.6,0
11/18/1965,20:00:21,-18.855,-177.721,430.0,6.5,0
11/18/1965,21:58:19,53.909,160.579,45.0,6.0,0
11/20/1965,15:05:42,-7.225,129.12,147.9,5.8,0
11/21/1965,10:31:55,-6.193,130.402,133.3,6.5,0
11/22/1965,14:00:30,51.936,-176.092,55.0,5.7,171
11/22/1965,20:25:31,51.361,-179.716,25.0,5.9,0
11/23/1965,01:17:30,2.983,124.831,20.0,6.2,0
11/23/1965,02:17:50,51.42,-179.7,30.0,5.6,0
11/23/1965,16:31:06,-8.666,111.103,55.0,5.8,51812
11/27/1965,08:42:24,33.011,141.079,60.0,5.6,0
11/27/1965,12:01:56,-9.611,159.797,70.0,5.8,55722
11/28/1965,03:56:46,-45.847,-72.958,25.0,6.2,179899
11/28/1965,05:26:06,36.096,27.318,77.4,5.9,171032
11/28/1965,21:31:45,-4.841,103.103,60.0,5.8,133862
12/04/1965,02:11:50,51.101,-170.604,15.0,5.8,0
12/05/1965,18:14:52,52.612,173.14,35.0,5.6,0
12/06/1965,11:34:55,18.919,-107.176,25.0,6.7,0
12/07/1965,22:19:17,-6.458,146.298,122.5,6.3,266538
12/08/1965,18:05:27,-37.199,177.558,175.0,6.0,27983
12/09/1965,06:07:47,17.135,-100.126,35.0,6.4,1032296
12/09/1965,13:12:56,-18.108,-178.062,645.0,6.2,0
12/10/1965,21:53:19,-11.292,166.143,52.8,5.9,2978
12/13/1965,10:52:11,44.688,149.939,29.2,6.0,0
12/13/1965,14:46:12,44.757,150.195,23.1,5.6,0
12/15/1965,19:19:49,-56.722,-141.439,15.0,5.8,0
12/15/1965,23:05:25,7.65,-81.913,25.0,6.3,106113
12/22/1965,00:28:51,52.293,160.356,26.9,5.8,0
12/22/1965,19:41:24,58.335,-153.303,52.4,6.1,6572
12/23/1965,20:47:38,60.481,-140.766,20.1,5.6,0
12/25/1965,02:57:59,-18.096,-178.979,621.8,6.2,0
12/26/1965,03:53:12,-5.201,151.583,80.1,5.9,62309
12/28/1965,20:32:27,27.863,141.992,45.0,5.8,3022
12/30/1965,02:06:35,54.21,-164.476,35.0,5.6,1646
12/30/1965,06:16:04,-16.673,-71.111,100.0,5.8,1485299
01/05/1966,17:21:29,13.248,95.42,25.0,5.8,0
01/11/1966,03:10:54,0.586,120.141,35.0,5.9,0
01/11/1966,14:16:32,33.675,137.244,15.0,6.0,80105
01/13/1966,10:41:14,52.829,172.048,22.5,5.7,0
01/16/1966,09:11:51,52.764,172.058,22.5,5.8,0
01/20/1966,01:44:47,37.883,138.151,10.0,5.8,2782761
01/22/1966,14:27:09,55.956,-153.942,20.0,6.2,0
01/24/1966,07:23:10,30.013,69.606,10.0,5.8,1587618
01/26/1966,01:00:14,-59.548,-26.465,60.0,5.6,0
01/28/1966,05:42:17,-17.114,168.559,10.0,6.0,260091
01/28/1966,22:38:14,51.514,157.119,115.6,5.6,2183
01/31/1966,14:01:24,-24.837,-64.413,25.0,5.7,324077
02/03/1966,05:48:11,0.211,123.555,158.6,5.7,1471661
02/03/1966,11:58:36,16.709,119.973,61.1,5.7,1414595974
02/03/1966,17:57:42,24.13,121.966,25.0,5.8,808092
02/04/1966,10:39:12,-15.899,167.914,180.0,6.4,231656
02/05/1966,02:01:45,39.093,21.777,10.0,6.2,12622538
02/05/1966,15:12:31,26.246,103.187,10.0,6.4,797600
02/05/1966,16:16:05,50.023,155.506,119.4,5.9,2507
02/07/1966,04:26:13,29.956,69.761,10.0,6.5,887618
02/07/1966,23:06:36,30.276,70.041,10.0,6.5,1171111
02/09/1966,04:40:32,-56.79,-25.965,40.0,6.3,0
02/09/1966,07:18:50,-9.851,116.376,45.0,5.8,0
02/10/1966,05:29:15,31.193,142.001,35.0,5.8,0
02/10/1966,14:21:13,20.711,146.163,45.7,6.5,0
02/13/1966,06:36:01,-6.561,132.642,35.0,6.0,400
02/13/1966,10:44:40,26.12,103.222,10.0,5.9,6806800
02/16/1966,03:18:29,-17.67,168.021,35.0,6.6,44139
02/17/1966,11:48:00,-32.265,78.866,15.0,6.6,0
02/17/1966,12:42:59,-32.233,78.999,15.0,5.7,0
02/18/1966,06:59:04,6.709,123.842,35.0,5.9,5451359
02/21/1966,00:22:29,-55.495,-27.079,15.0,6.0,0
02/21/1966,13:18:50,26.14,125.744,120.0,5.6,0
02/22/1966,05:02:39,-5.388,151.592,35.0,6.9,62309
02/25/1966,22:50:48,-15.404,-172.843,20.0,6.0,0
02/26/1966,00:33:50,52.55,173.462,35.0,5.6,0
02/28/1966,02:02:13,43.691,139.738,217.6,5.6,8078
02/28/1966,13:35:42,29.244,130.344,45.0,6.0,756
02/28/1966,21:38:54,-25.983,-70.328,64.7,5.7,37244
03/03/1966,03:25:29,48.256,154.425,45.8,5.8,0
03/04/1966,23:58:56,-38.747,178.061,30.0,5.9,82526
03/06/1966,02:10:56,31.525,80.487,20.0,6.7,8454
03/06/1966,02:15:56,31.422,80.554,20.0,6.3,8454
03/07/1966,21:29:19,37.156,114.875,25.0,6.5,21447590
03/08/1966,01:13:43,-13.696,166.555,35.0,6.2,1286
03/08/1966,05:41:06,1.903,126.334,35.0,6.2,0
03/08/1966,06:00:07,1.742,126.337,35.0,5.6,0
03/08/1966,20:46:12,-19.991,-68.842,108.6,5.8,309008
03/12/1966,16:31:20,24.122,122.583,30.0,7.5,137671
03/17/1966,15:50:33,-21.149,-179.093,625.0,6.7,0
03/19/1966,17:16:39,-52.655,19.709,10.0,5.6,0
03/20/1966,01:42:53,0.622,29.863,29.3,6.6,157043
03/20/1966,09:04:25,-21.176,-174.429,25.0,5.6,105325
03/22/1966,08:11:37,37.535,115.039,20.0,6.2,22089563
03/22/1966,08:19:36,37.545,115.061,20.0,6.8,22089563
03/23/1966,00:04:36,23.973,122.938,49.5,6.2,1843
03/24/1966,08:27:51,-13.626,166.829,30.0,5.9,1286
03/26/1966,15:19:04,37.714,115.275,20.0,6.0,28243041
03/26/1966,18:14:22,37.798,115.096,20.0,5.9,21603163
03/27/1966,18:53:41,8.865,-83.467,25.0,5.7,405383
03/29/1966,02:17:40,23.869,142.248,80.0,6.0,0
03/29/1966,06:12:00,37.464,115.127,20.0,6.0,22030663
04/03/1966,04:43:39,36.617,141.121,48.5,5.7,2360738
04/04/1966,06:42:13,12.01,92.483,10.0,5.8,108500
04/06/1966,02:59:01,-45.685,96.003,10.0,6.3,0
04/06/1966,22:28:38,56.382,-154.604,26.2,5.6,73
04/07/1966,09:42:34,26.199,127.507,49.7,5.7,1325325
04/08/1966,01:46:46,51.301,157.703,46.6,6.2,2183
04/09/1966,02:42:09,9.409,-84.282,25.0,5.8,7940471
04/09/1966,14:49:25,-14.074,166.724,55.0,5.7,1286
04/10/1966,16:36:16,-31.452,-71.049,60.5,6.1,17573814
04/11/1966,17:17:30,18.113,-102.557,30.0,5.7,228160
04/12/1966,23:37:42,-38.231,-72.695,35.0,6.3,1106349
04/13/1966,03:35:18,-38.194,-73.198,45.0,5.9,900569
04/16/1966,01:27:14,56.896,-153.601,15.0,6.2,323
04/20/1966,16:26:19,18.82,147.221,25.0,6.0,0
04/20/1966,16:42:06,41.703,48.238,20.0,6.0,784193
04/21/1966,15:45:21,35.581,142.171,10.0,6.0,0
04/21/1966,17:36:48,35.6,142.037,10.9,5.9,0
04/22/1966,03:06:35,-37.656,-73.428,21.4,5.9,1165677
04/22/1966,23:27:21,57.271,-152.483,20.9,5.8,6788
04/23/1966,00:09:35,-0.711,122.191,20.0,6.5,110299
04/23/1966,08:56:43,-0.57,122.235,35.0,6.1,110299
05/01/1966,16:22:57,-8.341,-74.142,161.0,6.4,366625
05/02/1966,09:52:48,-5.996,149.735,35.0,6.1,86356
05/02/1966,16:39:45,-8.495,114.967,105.0,5.6,1219085
05/05/1966,14:21:23,24.298,122.595,50.0,6.2,363552
05/09/1966,00:42:56,34.425,26.455,25.0,6.0,43562
05/11/1966,14:17:39,48.888,156.275,24.7,6.2,0
05/11/1966,14:26:42,48.848,156.288,25.7,5.6,0
05/11/1966,21:39:37,48.853,156.133,20.6,5.8,0
05/14/1966,17:03:54,34.023,138.983,10.0,5.7,81207
05/15/1966,14:46:08,51.41,-178.291,35.1,6.1,0
05/16/1966,02:46:42,-6.974,129.352,201.1,5.7,0
05/17/1966,16:58:16,-44.195,-75.478,19.5,5.6,0
05/18/1966,07:32:06,24.97,-109.085,20.0,5.9,474049
05/19/1966,07:06:29,53.934,-164.122,32.3,6.0,0
05/20/1966,09:14:45,13.901,146.481,25.0,6.1,0
05/20/1966,18:02:38,19.374,122.147,60.0,5.5,27457
05/23/1966,08:39:45,30.081,139.992,20.0,5.7,0
05/23/1966,14:22:32,13.894,146.41,25.0,5.7,0
05/25/1966,08:29:03,-6.384,131.044,65.0,5.7,0
05/25/1966,12:07:07,-21.658,169.814,35.0,5.7,0
05/25/1966,13:20:54,-52.772,160.124,10.0,6.1,0
05/28/1966,00:03:59,24.274,122.631,50.0,5.8,213743
06/01/1966,11:47:33,-23.461,-174.657,15.0,5.8,0
06/02/1966,03:27:52,50.993,175.957,20.6,5.5,0
06/02/1966,07:08:05,-0.047,123.13,140.0,5.8,1471385
06/04/1966,23:48:20,46.418,152.735,39.1,6.0,0
06/06/1966,01:45:43,-14.929,167.839,15.0,5.6,14122
06/06/1966,07:46:17,36.421,71.224,215.6,6.6,906641
06/06/1966,20:47:10,9.528,126.505,25.0,6.0,1330879
06/07/1966,00:59:46,-14.828,-75.835,20.0,6.2,1033279
06/07/1966,11:44:52,24.328,122.66,35.0,5.6,237979
06/07/1966,13:59:36,11.323,139.593,35.0,6.8,0
06/09/1966,15:39:27,44.238,147.766,93.2,5.7,7120
06/11/1966,18:13:38,51.399,-178.35,35.0,5.6,0
06/13/1966,07:33:13,-21.242,174.342,25.0,6.1,0
06/13/1966,18:08:37,-12.191,167.132,241.6,6.7,0
06/15/1966,00:59:50,-10.318,161.006,45.0,7.1,0
06/15/1966,01:32:58,-10.061,161.149,45.0,6.8,0
06/15/1966,06:13:54,-10.033,160.937,45.0,5.9,0
06/15/1966,16:36:29,-10.172,160.85,45.0,5.7,0
06/21/1966,00:43:17,-11.022,165.171,30.0,5.8,2392
06/21/1966,23:06:31,50.164,157.767,45.5,5.5,0
06/22/1966,20:29:07,-7.24,124.583,531.8,7.0,0
06/23/1966,05:01:43,43.726,140.19,225.0,5.6,162869
06/27/1966,10:41:09,29.504,80.845,25.9,6.0,269343
06/27/1966,10:49:49,29.543,80.915,25.0,5.7,271259
06/27/1966,10:59:19,29.706,80.935,25.0,6.3,49599
06/27/1966,21:47:11,-38.36,177.139,115.0,5.6,289535
06/29/1966,21:46:57,-13.794,166.644,45.0,6.0,1286
07/01/1966,05:50:40,24.739,122.414,112.5,6.4,8019406
07/04/1966,02:55:37,51.745,176.296,30.0,5.8,0
07/04/1966,18:33:40,51.826,179.778,15.0,6.8,0
07/05/1966,02:21:43,51.867,-179.88,15.0,5.8,0
07/10/1966,16:12:44,24.303,125.186,35.6,6.1,54197
07/11/1966,22:45:56,-19.474,-173.254,25.0,6.0,0
07/12/1966,18:53:11,44.707,37.272,39.3,5.7,1255212
07/19/1966,01:40:56,56.241,164.754,15.0,6.4,0
07/19/1966,19:20:33,51.748,-173.478,29.7,5.6,53
07/21/1966,18:30:16,-17.757,-178.55,594.4,6.4,0
07/22/1966,10:17:22,51.664,-173.677,31.3,5.7,53
07/27/1966,04:49:01,-24.16,-70.082,33.5,5.8,357505
08/01/1966,19:09:56,29.937,68.778,20.2,6.0,937654
08/01/1966,20:30:58,29.906,68.681,25.0,6.2,752654
08/01/1966,21:03:02,29.988,68.588,25.0,6.9,1102654
08/05/1966,04:33:02,-10.987,162.767,35.0,5.7,0
08/07/1966,02:13:04,50.513,-171.301,19.7,6.9,0
08/07/1966,03:07:16,-10.692,161.237,35.0,5.6,0
08/07/1966,17:36:12,31.0395,-113.7773333,6.0,6.35,63567
08/08/1966,08:02:47,19.279,-108.27,30.0,6.0,0
08/10/1966,05:01:10,-20.161,-175.228,98.8,6.0,107485
08/11/1966,23:25:39,-23.495,-175.808,35.0,5.9,0
08/12/1966,20:16:59,52.563,-161.63,17.2,5.8,0
08/15/1966,02:15:32,28.565,78.961,27.0,5.6,4532793
08/15/1966,02:45:36,13.295,121.467,19.8,6.0,17618153
08/15/1966,10:20:40,3.487,64.014,10.0,6.0,0
08/16/1966,02:16:20,36.395,70.903,196.4,5.8,906641
08/16/1966,18:02:36,37.38,-114.157,10.0,5.7,185139
08/16/1966,19:45:38,-21.343,171.484,15.0,6.2,0
08/17/1966,19:54:10,-5.026,125.119,540.0,5.7,0
08/17/1966,20:58:39,52.156,175.053,41.9,5.6,0
08/18/1966,10:33:16,14.478,-91.84,68.4,5.8,1350559
08/18/1966,14:34:02,-0.111,125.071,55.0,6.1,10353
08/18/1966,14:37:55,-0.007,125.026,32.5,6.0,11008
08/19/1966,12:22:12,39.235,41.572,24.7,6.8,2207504
08/20/1966,07:43:29,-3.195,-77.166,113.3,5.7,685
08/20/1966,09:32:32,42.981,140.708,159.4,5.8,5569163
08/20/1966,11:59:13,39.438,41.094,25.0,6.2,2285941
08/20/1966,22:55:02,-23.734,-175.678,35.0,6.1,0
08/21/1966,05:00:25,8.48,126.645,35.0,6.0,2009871
08/22/1966,17:02:06,-1.741,134.06,25.0,5.9,154854
08/22/1966,17:42:09,-22.499,170.742,20.0,6.3,0
08/23/1966,18:22:16,23.873,123.228,25.0,5.7,1843
08/26/1966,00:51:52,-27.693,-177.185,55.0,5.8,0
08/26/1966,09:06:50,-22.128,170.04,10.0,6.0,0
08/28/1966,07:29:42,-36.094,178.575,170.0,5.7,0
08/30/1966,20:20:54,61.197,-147.781,29.6,5.6,22342
09/08/1966,21:15:56,2.388,128.49,115.0,7.7,36038
09/08/1966,21:55:41,45.401,150.549,35.0,5.6,0
09/11/1966,17:38:05,6.761,-72.976,161.1,5.9,4340448
09/12/1966,11:29:37,-22.987,170.75,15.0,6.3,0
09/12/1966,16:41:04,39.385,-120.252,10.0,5.9,691316
09/14/1966,23:18:42,-60.244,-27.199,20.0,6.7,0
09/15/1966,11:51:56,-60.256,-26.922,20.0,6.2,0
09/15/1966,17:10:47,22.924,121.507,30.0,6.2,479230
09/18/1966,20:43:56,27.775,54.227,20.0,5.7,405654
09/25/1966,06:02:29,18.261,-100.985,80.3,6.0,236690
09/26/1966,05:10:57,27.419,92.576,14.4,5.9,24641
09/28/1966,14:00:24,27.412,100.103,20.0,6.3,1478499
10/07/1966,15:55:10,-21.558,170.596,150.0,6.9,0
10/07/1966,20:55:57,61.58,-150.126,55.0,5.6,318512
10/08/1966,00:12:17,-16.654,-177.279,15.0,6.1,0
10/11/1966,06:25:55,-60.354,-26.485,20.0,6.1,0
10/12/1966,00:06:38,-11.793,121.601,20.0,6.0,0
10/12/1966,04:22:17,-31.241,-177.747,25.0,5.8,0
10/16/1966,09:13:28,29.734,142.669,15.0,5.7,0
10/16/1966,12:55:32,-56.111,-27.62,100.0,5.7,0
10/17/1966,21:42:00,-10.665,-78.228,40.0,8.1,66851
10/19/1966,08:01:34,-1.571,-15.611,15.0,7.0,0
10/26/1966,18:28:55,-18.319,167.58,35.0,5.7,0
10/27/1966,14:21:03,22.232,145.978,10.0,6.7,0
10/29/1966,02:39:29,38.796,21.242,25.0,5.9,12196842
11/03/1966,16:24:33,19.102,-67.878,26.5,6.0,201200
11/05/1966,12:45:14,-15.37,-175.109,15.0,6.4,527
11/10/1966,03:02:34,-31.973,-68.301,113.0,6.1,1266555
11/11/1966,15:31:05,52.141,-169.158,29.2,5.6,0
11/12/1966,11:50:33,-23.822,-67.863,135.0,5.6,3380
11/12/1966,12:49:44,41.746,144.389,32.5,6.0,1156
11/12/1966,18:45:03,-15.681,167.258,35.0,6.3,15580
11/13/1966,02:51:54,17.042,-61.885,79.4,5.6,826620
11/22/1966,06:29:54,48.019,146.857,460.0,5.9,0
11/22/1966,07:01:12,-57.964,-25.518,35.0,5.8,0
11/23/1966,02:19:13,-14.851,167.051,35.0,5.9,13732
11/26/1966,02:18:19,-25.563,-70.497,51.8,5.7,23536
11/28/1966,07:32:53,6.6,-82.746,16.7,5.6,0
12/01/1966,04:56:59,-13.954,167.045,125.0,6.8,1286
12/02/1966,09:31:18,3.251,128.174,75.0,5.7,0
12/07/1966,17:17:43,44.475,151.655,15.0,5.9,0
12/10/1966,13:06:35,14.351,-91.963,70.0,5.7,1249164
12/10/1966,18:08:15,-3.424,145.703,25.0,6.3,0
12/14/1966,21:07:53,-4.928,144.05,65.0,6.3,6942839
12/15/1966,02:08:05,21.487,94.322,94.3,5.7,242808
12/16/1966,20:52:18,29.535,80.823,20.0,5.7,261043
12/20/1966,12:26:55,-26.123,-63.152,578.0,6.3,30041
12/20/1966,15:30:01,37.3021667,-116.4083333,1.2,5.62,2247
12/21/1966,08:51:59,-19.98,169.834,230.0,6.3,230
12/23/1966,15:50:21,-7.039,148.256,30.0,6.6,42631
12/27/1966,01:22:18,37.126,141.202,55.3,5.6,2085725
12/28/1966,08:18:07,-25.494,-70.55,25.0,7.7,22957
12/29/1966,22:16:21,-32.838,-111.783,10.0,5.6,0
12/31/1966,18:23:09,-12.091,166.552,55.0,7.8,0
12/31/1966,22:15:19,-12.326,166.491,35.0,7.1,0
01/01/1967,07:05:51,-15.237,-173.608,30.0,6.5,759
01/01/1967,21:59:00,-11.2,165.416,30.0,5.9,2978
01/02/1967,09:47:54,-10.187,28.424,29.1,5.6,1255310
01/02/1967,20:00:00,-12.347,166.221,30.0,6.0,0
01/03/1967,05:35:49,-11.093,165.668,30.0,6.1,2978
01/03/1967,11:05:17,-11.112,165.536,30.0,5.6,2978
01/03/1967,21:23:23,-12.376,166.473,30.0,5.8,0
01/04/1967,03:41:37,20.318,120.114,21.6,5.6,0
01/04/1967,20:16:00,10.881,-62.33,92.6,5.5,100925
01/05/1967,00:14:41,48.168,103.036,13.2,7.0,11320
01/05/1967,00:42:12,48.477,103.021,17.5,5.8,98186
01/05/1967,23:58:20,48.04,103.013,17.5,5.9,19731
01/06/1967,00:04:06,41.878,143.482,39.3,5.9,65068
01/06/1967,10:03:05,-1.461,126.477,30.0,5.6,0
01/07/1967,00:27:24,-48.873,112.803,15.0,6.0,0
01/07/1967,13:34:46,11.854,142.866,15.0,5.7,0
01/11/1967,05:54:03,-0.149,120.033,35.0,5.7,335297
01/11/1967,11:20:48,33.989,45.738,35.0,6.1,882101
01/13/1967,13:48:14,-10.515,161.406,40.0,6.2,0
01/16/1967,14:26:29,-11.248,165.623,30.0,6.0,2978
01/17/1967,01:07:55,-27.335,-63.204,590.9,6.2,74634
01/17/1967,11:59:33,38.244,142.152,45.8,6.6,469376
01/18/1967,05:34:37,56.564,120.947,25.0,5.5,2940
01/18/1967,08:18:23,52.565,-168.501,26.0,5.9,0
01/19/1967,12:38:31,-11.903,166.494,140.0,5.9,0
01/20/1967,01:57:23,48.105,103.064,20.0,6.4,11320
01/21/1967,02:54:04,-49.917,-114.881,25.0,6.3,0
01/23/1967,20:25:40,19.973,-109.129,30.0,6.0,0
01/24/1967,03:05:40,41.5,142.2,68.0,5.7,167988
01/24/1967,09:29:11,-0.922,-21.081,10.0,6.5,0
01/25/1967,01:50:20,36.715,71.625,273.2,6.0,915892
01/28/1967,13:53:00,52.45,-169.603,35.0,6.8,0
01/28/1967,16:31:23,52.288,-169.353,35.0,5.6,0
01/28/1967,17:42:02,52.242,-169.468,39.9,5.8,0
01/30/1967,21:05:30,26.107,96.115,25.0,5.6,35998
01/31/1967,13:37:32,2.619,-84.363,10.0,5.6,0
02/02/1967,06:25:49,-57.94,-25.663,65.0,6.1,0
02/03/1967,12:48:09,-5.542,110.478,550.0,5.6,0
02/07/1967,14:53:14,56.521,-157.326,62.0,5.7,166
02/09/1967,15:24:49,2.849,-74.798,55.0,7.0,994218
02/13/1967,23:14:24,52.812,-34.14,10.0,7.0,0
02/14/1967,01:36:08,13.555,96.463,30.0,6.8,0
02/14/1967,05:02:39,-13.303,171.408,630.0,5.8,0
02/15/1967,16:11:12,-9.163,-71.274,600.4,7.0,17101
02/17/1967,10:10:52,-23.878,-175.078,15.0,6.5,0
02/18/1967,02:39:20,-5.873,153.267,35.0,5.6,0
02/19/1967,22:14:36,-8.965,113.017,80.0,6.3,48704
02/19/1967,23:28:29,-0.072,124.213,95.0,5.9,127202
02/20/1967,15:18:41,33.617,75.333,20.0,5.5,1942912
02/22/1967,18:26:48,-19.516,169.216,90.6,5.8,1030
02/23/1967,20:38:59,26.184,128.611,31.9,6.0,1316567
02/25/1967,11:20:50,-0.077,123.947,75.0,5.9,126923
02/25/1967,11:38:45,-0.114,123.969,80.0,5.9,10629
02/28/1967,09:37:20,32.608,141.649,25.0,6.0,0
03/02/1967,02:47:33,-0.214,-78.595,118.9,6.0,3302157
03/04/1967,05:09:25,21.398,121.823,131.1,5.7,31694
03/04/1967,06:16:24,-18.558,-175.286,226.7,5.7,0
03/04/1967,17:58:06,39.1,24.684,15.0,6.6,28072
03/09/1967,06:58:36,-10.617,166.198,15.0,5.9,2978
03/09/1967,18:02:42,-10.622,166.333,15.0,5.9,2978
03/11/1967,08:33:29,-10.821,166.388,55.0,5.9,2978
03/11/1967,14:45:01,19.263,-95.801,28.7,5.9,625464
03/13/1967,16:06:53,-40.17,-74.722,20.0,5.7,805
03/13/1967,19:22:19,19.581,38.874,20.0,5.6,0
03/14/1967,06:58:05,28.463,94.248,16.9,5.7,19311
03/17/1967,11:24:47,-3.575,150.909,25.0,6.2,0
03/18/1967,19:15:37,-6.075,146.354,110.0,5.7,15479
03/19/1967,01:10:51,-6.727,129.744,97.7,6.2,0
03/19/1967,04:01:41,45.527,151.188,40.0,6.7,0
03/20/1967,13:31:35,45.672,151.301,35.0,5.8,0
03/20/1967,13:40:53,45.438,151.511,34.5,5.7,0
03/24/1967,09:00:20,-5.972,112.225,598.0,6.7,0
03/25/1967,22:47:59,45.201,151.551,30.4,5.9,0
03/26/1967,22:39:03,-9.182,148.623,20.0,5.7,108765
03/27/1967,08:58:24,38.474,116.608,29.7,6.1,31697959
03/27/1967,10:01:45,-16.438,168.214,15.0,6.4,216752
03/30/1967,02:08:01,-11.114,115.227,15.0,6.2,0
04/01/1967,05:54:21,45.718,151.83,35.0,6.1,0
04/01/1967,05:57:08,45.661,151.789,45.0,5.8,0
04/01/1967,12:23:35,45.617,151.703,29.8,6.1,0
04/03/1967,08:04:18,-6.024,151.499,22.5,5.9,54954
04/05/1967,02:34:10,20.036,147.311,27.1,5.9,0
04/05/1967,02:47:54,19.992,147.227,25.0,5.7,0
04/06/1967,12:21:59,20.07,147.252,25.0,5.8,0
04/09/1967,00:05:10,-3.989,135.677,15.0,6.0,88719
04/10/1967,04:59:56,-7.359,155.753,35.0,5.7,15588
04/10/1967,15:02:44,-7.222,155.833,35.0,6.1,15588
04/10/1967,16:47:50,-63.66,-167.459,10.0,6.1,0
04/12/1967,04:51:42,5.121,96.286,50.0,6.7,194907
04/12/1967,05:11:18,5.349,96.483,50.0,5.6,194907
04/13/1967,19:59:53,18.309,-100.125,85.0,5.8,588784
04/20/1967,00:01:27,-5.605,129.639,175.0,5.7,0
04/21/1967,08:14:24,-5.401,126.688,10.0,6.2,0
04/23/1967,17:52:47,13.558,146.268,15.0,5.7,0
04/29/1967,03:55:20,51.42,-178.261,31.6,5.7,0
04/30/1967,16:59:00,-1.808,138.694,20.0,5.8,14633
05/01/1967,07:09:03,39.528,21.267,25.0,6.2,12223033
05/04/1967,08:17:34,-55.604,-28.129,30.0,5.9,0
05/05/1967,15:00:08,-10.425,161.494,40.0,5.8,0
05/09/1967,21:30:07,5.161,127.412,90.0,5.7,0
05/11/1967,14:51:01,39.365,73.787,15.0,5.6,5100
05/11/1967,15:05:23,-20.304,-68.821,109.4,6.1,305552
05/20/1967,13:02:07,-59.076,-65.47,10.0,5.7,0
05/21/1967,18:45:13,-0.897,101.313,179.3,6.7,121094
05/23/1967,19:17:48,-56.191,-27.608,125.0,5.8,0
05/27/1967,17:23:00,51.851,176.105,30.7,5.8,0
05/27/1967,19:05:48,36.034,77.714,20.0,5.9,0
05/29/1967,04:45:44,12.115,143.729,20.0,5.8,0
06/01/1967,03:36:19,53.567,-165.718,50.0,5.8,6080
06/01/1967,20:47:45,-6.794,154.934,15.0,5.6,92966
06/03/1967,09:08:57,58.207,-151.453,27.8,5.6,6538
06/10/1967,05:26:44,-41.394,-73.809,31.9,5.7,438737
06/12/1967,05:21:09,-44.881,35.508,10.0,5.8,0
06/12/1967,23:22:46,47.649,154.23,40.0,6.0,0
06/14/1967,03:14:18,-15.052,-73.315,97.0,5.7,14801
06/14/1967,05:06:21,-15.406,-173.343,29.6,6.2,759
06/14/1967,08:13:01,47.449,154.503,35.0,5.6,0
06/17/1967,05:00:15,-58.375,-26.956,163.4,6.0,0
06/19/1967,17:07:46,52.539,-166.912,27.1,6.1,0
06/20/1967,07:38:49,52.638,-167.155,27.6,5.9,0
06/21/1967,06:49:54,-2.336,-77.519,15.0,5.7,22330
06/21/1967,18:13:04,64.65,-147.798,10.0,5.7,791007
06/21/1967,20:09:32,-25.076,-70.394,35.0,6.2,11911
06/23/1967,05:05:06,-5.859,130.325,90.0,5.8,0
06/23/1967,21:30:12,-19.142,167.74,16.4,5.6,0
06/24/1967,21:00:26,12.531,141.665,20.0,5.7,0
06/25/1967,23:18:04,12.488,141.655,20.0,5.8,0
06/28/1967,00:14:37,-9.543,157.752,25.0,5.6,0
06/28/1967,14:34:06,-47.085,165.844,30.0,5.7,0
06/29/1967,16:36:20,-7.249,128.596,150.0,5.5,0
07/01/1967,23:10:08,54.358,-158.087,27.5,6.5,0
07/02/1967,07:03:53,8.823,93.637,15.0,6.1,0
07/04/1967,23:42:14,43.136,142.67,158.1,5.7,1707907
07/06/1967,13:42:26,52.557,-168.19,27.3,6.1,0
07/07/1967,13:28:41,8.571,125.941,200.0,5.7,4770524
07/10/1967,19:18:11,4.894,126.855,75.0,5.7,0
07/12/1967,21:00:23,5.479,-82.732,20.0,6.1,0
07/16/1967,13:34:33,-0.869,132.73,30.0,6.2,7406
07/20/1967,15:36:24,7.557,134.69,20.0,6.4,1997
07/22/1967,03:58:01,-33.451,-178.828,20.0,6.1,0
07/22/1967,16:57:00,40.751,30.8,30.0,7.4,6157950
07/26/1967,18:53:02,39.568,40.445,20.0,6.2,2134486
07/29/1967,10:24:25,6.747,-73.032,161.2,6.8,4536941
07/30/1967,00:00:04,10.559,-67.33,25.0,6.6,9766143
07/30/1967,01:31:03,40.764,30.609,15.0,5.7,6291564
08/01/1967,01:13:42,-13.02,-76.731,50.0,5.7,1981532
08/09/1967,08:20:06,-6.484,130.544,105.0,5.9,0
08/10/1967,11:21:23,45.342,150.317,35.0,5.6,0
08/12/1967,09:39:46,-24.719,-177.33,143.6,6.7,0
08/12/1967,12:30:58,-14.89,166.756,20.0,5.7,13732
08/13/1967,20:06:52,35.388,135.43,364.3,6.3,25258395
08/13/1967,22:07:48,43.094,-0.731,10.0,5.7,2110284
08/13/1967,22:15:11,-4.41,152.439,20.0,6.3,107855
08/15/1967,09:21:03,31.079,93.639,20.0,5.7,73200
08/16/1967,19:19:04,0.873,98.876,75.1,5.7,274289
08/18/1967,03:35:42,27.693,127.685,110.0,5.6,9563
08/19/1967,15:28:07,10.295,125.881,35.0,6.0,2463965
08/19/1967,15:41:54,-12.481,166.652,85.0,5.7,210
08/20/1967,15:03:36,-25.265,-69.044,103.2,5.8,56
08/21/1967,07:33:03,3.697,95.669,39.1,6.6,35000
08/22/1967,13:02:05,-60.761,-24.301,10.0,6.6,0
08/22/1967,13:17:02,-60.898,-23.378,10.0,5.7,0
08/24/1967,03:21:19,43.565,147.578,65.9,5.6,3800
08/24/1967,10:32:55,-14.94,166.902,25.0,5.8,13732
08/26/1967,00:36:42,12.173,140.765,20.0,6.2,0
08/26/1967,02:07:10,12.273,140.896,20.0,5.6,0
08/30/1967,04:22:04,31.633,100.262,10.0,6.4,120384
08/30/1967,11:08:49,31.587,100.255,10.0,5.8,110884
08/30/1967,13:33:28,45.444,151.353,35.0,6.0,0
09/01/1967,03:31:11,-5.615,147.201,185.0,5.7,8367
09/03/1967,21:07:29,-10.656,-79.674,15.0,7.0,0
09/04/1967,03:52:00,-31.278,-179.422,236.1,6.5,0
09/06/1967,07:30:12,14.596,93.48,32.9,5.7,0
09/07/1967,07:12:37,2.626,124.226,275.0,5.9,0
09/08/1967,22:37:39,12.27,140.953,15.0,6.1,0
09/09/1967,10:06:45,-27.623,-63.23,580.4,6.7,85410
09/09/1967,16:52:02,-54.55,-136.196,10.0,6.3,0
09/13/1967,18:41:16,52.741,172.489,25.0,5.6,0
09/15/1967,00:28:39,35.607,140.738,45.0,5.8,37652519
09/15/1967,10:32:44,27.338,91.91,13.7,5.8,43495
09/16/1967,08:31:58,51.721,-176.222,55.0,5.6,171
09/18/1967,15:33:07,-5.985,146.6,35.0,5.8,266427
09/19/1967,10:56:10,43.065,145.297,80.0,6.1,287945
09/19/1967,12:45:33,-57.799,-23.802,10.0,6.3,0
09/20/1967,09:39:16,-49.736,164.009,20.0,7.0,0
09/20/1967,10:30:54,-49.588,163.812,20.0,5.7,0
09/20/1967,10:37:18,-20.729,169.932,100.0,6.2,0
09/22/1967,10:18:00,44.626,149.487,40.6,6.2,0
09/26/1967,11:11:25,-33.463,-70.532,83.1,5.9,14225287
09/26/1967,16:11:24,-30.086,-71.446,50.0,6.2,1316136
09/28/1967,04:56:54,-6.52,153.465,15.0,6.2,0
09/28/1967,15:44:56,59.335,-147.157,20.0,5.9,0
09/30/1967,07:57:22,28.984,129.95,30.0,5.7,56694
10/03/1967,18:16:07,10.878,-85.964,30.0,6.2,309938
10/04/1967,17:21:19,-5.631,153.959,25.0,6.8,107156
10/07/1967,08:28:02,49.107,156.309,32.4,5.6,0
10/08/1967,16:59:36,-9.445,148.843,20.0,5.7,15511
10/08/1967,18:08:15,-5.623,154.057,35.0,5.9,107156
10/09/1967,17:21:49,-21.182,-179.186,636.8,7.2,0
10/11/1967,15:52:15,30.449,142.687,10.0,5.6,0
10/12/1967,06:35:08,-21.025,-179.146,642.9,5.6,0
10/12/1967,12:53:46,52.13,152.592,461.8,5.8,0
10/12/1967,18:31:43,-7.131,129.828,88.2,6.0,0
10/15/1967,08:00:52,11.925,-85.872,160.4,7.1,7903170
10/16/1967,16:58:03,1.715,127.493,125.0,5.7,34100
10/17/1967,21:05:24,17.241,121.886,35.0,5.7,6872522
10/18/1967,01:11:44,79.765,2.851,15.0,6.0,0
10/18/1967,22:06:26,-33.799,-179.34,35.0,5.7,0
10/25/1967,00:59:25,24.401,122.218,71.1,6.8,6999565
10/26/1967,00:22:24,24.416,122.275,75.0,5.7,5586331
11/01/1967,18:56:55,-4.624,135.649,15.0,5.7,14522
11/04/1967,10:17:14,-17.727,-178.856,550.0,5.6,0
11/04/1967,13:26:47,37.317,141.846,35.0,6.0,447310
11/04/1967,14:30:39,43.523,144.316,30.0,6.7,559915
11/04/1967,14:46:03,43.502,144.261,30.0,5.6,589620
11/04/1967,16:26:49,-2.704,-77.631,93.7,6.1,22430
11/07/1967,03:49:20,-15.043,-172.636,46.7,5.6,0
11/08/1967,03:10:54,16.853,-85.789,20.0,5.6,5000
11/08/1967,06:07:22,-5.233,133.932,30.0,5.6,0
11/08/1967,17:09:29,51.094,178.524,30.0,5.8,0
11/09/1967,02:18:48,-7.163,123.752,584.2,6.2,0
11/11/1967,12:14:57,-6.157,71.342,22.4,5.9,3500
11/12/1967,10:36:51,-17.279,-171.847,15.0,6.4,0
11/14/1967,05:28:39,-5.46,147.112,210.0,5.9,0
11/15/1967,21:31:56,-28.865,-71.369,34.8,6.3,72763
11/17/1967,04:58:57,28.381,-43.765,15.0,5.7,0
11/19/1967,12:07:00,36.44,141.272,35.0,5.8,2094580
11/19/1967,17:29:20,-22.642,171.04,20.0,6.4,0
11/21/1967,17:02:25,72.763,8.011,15.0,5.7,0
11/22/1967,15:19:26,-22.687,170.92,20.0,5.9,0
11/23/1967,08:35:54,14.432,52.099,11.9,6.5,0
11/23/1967,13:42:04,80.161,-0.794,15.0,6.5,0
11/26/1967,00:08:12,28.583,130.138,35.0,5.7,66702
11/26/1967,02:54:05,-8.046,112.981,145.0,5.7,4933873
11/27/1967,05:13:14,-31.128,-71.396,60.5,5.6,17567905
11/28/1967,02:36:56,32.165,130.844,130.1,5.6,5075332
11/30/1967,07:23:52,41.386,20.532,20.0,6.7,6609707
12/01/1967,13:57:04,49.439,154.435,143.0,6.3,0
12/07/1967,09:49:37,-14.591,167.312,140.0,5.6,1376
12/09/1967,10:50:45,-10.862,164.226,10.0,5.8,0
12/10/1967,12:06:55,40.478,-124.656,20.0,5.6,79010
12/10/1967,22:51:23,17.412,73.885,15.0,6.6,1938544
12/13/1967,10:38:26,47.594,152.727,140.0,5.8,0
12/13/1967,19:07:14,-19.164,168.656,40.0,5.7,1030
12/16/1967,20:54:03,51.22,157.619,50.0,6.0,2183
12/18/1967,14:04:22,12.062,143.799,20.0,5.7,0
12/21/1967,02:25:26,-21.865,-69.939,45.0,7.3,30857
12/23/1967,13:23:15,-5.206,151.831,45.0,5.9,72676
12/24/1967,20:03:12,17.351,-61.232,15.0,6.4,103138
12/24/1967,21:32:33,17.543,-61.31,15.0,6.2,103138
12/25/1967,01:23:32,-5.208,153.742,35.0,7.2,0
12/25/1967,10:41:32,-21.58,-70.299,46.4,6.3,26696
12/27/1967,09:17:54,-21.362,-68.311,114.7,6.7,11053
12/27/1967,16:22:47,-22.548,-174.673,15.0,6.5,0
12/31/1967,15:05:33,-7.103,154.844,10.0,5.7,0
01/02/1968,00:21:12,-5.175,153.421,60.0,5.9,0
01/04/1968,00:57:44,52.226,-171.468,26.0,6.1,0
01/04/1968,10:27:39,-9.779,148.835,15.0,5.8,0
01/06/1968,23:27:23,-27.845,-70.873,30.0,6.4,519903
01/07/1968,09:56:41,-5.042,153.961,116.6,5.7,105467
01/07/1968,11:12:31,33.623,141.938,15.0,6.0,0
01/13/1968,07:03:45,23.965,122.161,35.0,6.1,681502
01/13/1968,16:07:04,-24.28,-67.006,179.2,5.7,7479
01/14/1968,12:25:11,-7.552,127.871,116.0,6.0,0
01/14/1968,12:40:46,52.619,-171.445,10.0,5.6,0
01/14/1968,17:43:08,52.53,-171.418,10.0,6.2,0
01/15/1968,02:01:06,37.702,13.033,10.0,6.4,7089126
01/19/1968,06:04:39,-9.213,158.542,27.5,6.7,0
01/19/1968,14:39:39,-42.559,-75.278,17.5,5.7,654
01/20/1968,16:41:30,-16.097,178.131,20.0,5.7,0
01/20/1968,21:21:33,-30.116,-179.547,356.6,6.1,0
01/21/1968,16:42:30,-1.352,-14.249,21.2,6.5,0
01/26/1968,04:45:44,-8.875,120.265,30.6,6.8,386166
01/29/1968,05:00:10,36.448,70.451,212.0,5.6,1046600
01/29/1968,10:19:07,43.566,146.741,36.9,7.4,35946
01/29/1968,16:42:51,43.343,147.259,33.0,6.1,3800
01/30/1968,01:48:28,43.246,147.701,15.0,5.9,2285
01/30/1968,03:44:25,-6.066,113.373,596.0,6.3,0
02/01/1968,12:47:25,43.203,146.986,36.0,5.6,3800
02/03/1968,03:26:17,46.606,152.761,35.0,5.7,0
02/03/1968,05:36:18,16.578,-99.533,25.0,5.8,745592
02/04/1968,11:00:50,43.05,147.283,23.5,6.6,3800
02/06/1968,04:37:19,-0.135,124.145,100.0,5.6,127202
02/06/1968,11:19:27,-28.59,-70.999,45.0,5.6,72271
02/10/1968,10:00:04,46.026,152.189,60.0,5.6,0
02/12/1968,05:44:45,-5.42,153.368,30.0,7.3,0
02/13/1968,02:12:35,-5.48,131.26,85.0,5.7,0
02/19/1968,13:55:09,-5.469,153.269,30.0,5.7,0
02/19/1968,22:45:45,39.368,24.957,15.0,7.2,8955
02/20/1968,02:19:50,12.343,-47.01,10.0,5.8,0
02/21/1968,01:44:54,32.066,130.712,10.0,6.2,4842511
02/21/1968,08:57:53,-4.04,128.531,35.0,5.6,281888
02/24/1968,01:11:12,-32.637,-177.479,20.0,5.7,0
02/25/1968,20:00:32,37.586,141.65,65.5,5.6,1683204
02/26/1968,10:50:19,22.733,121.368,25.0,7.1,1256511
02/27/1968,05:19:04,12.194,140.638,26.3,5.8,0
02/27/1968,10:54:39,12.117,140.757,25.0,5.9,0
02/28/1968,12:08:02,32.928,137.82,344.1,6.3,0
03/02/1968,22:02:24,-6.164,71.374,15.0,5.9,3500
03/03/1968,22:55:36,1.584,122.452,422.7,5.7,0
03/05/1968,18:16:38,9.507,126.415,35.0,6.3,2087208
03/05/1968,18:38:05,9.526,126.196,35.0,6.1,3275046
03/07/1968,13:22:19,-5.897,151.013,45.0,6.3,95677
03/09/1968,03:19:23,-5.603,154.093,75.0,5.7,107156
03/10/1968,03:49:34,51.955,-177.212,70.0,5.5,171
03/10/1968,07:11:22,-36.391,179.575,70.0,5.8,0
03/11/1968,08:26:33,-16.212,-173.889,109.1,6.4,759
03/17/1968,20:14:34,3.204,128.182,65.0,6.1,0
03/22/1968,01:55:44,-20.624,-69.119,95.8,5.6,310985
03/22/1968,09:15:10,13.255,145.77,25.0,5.7,0
03/26/1968,00:42:00,-6.626,116.161,554.4,6.1,0
03/26/1968,19:40:43,8.103,126.317,84.8,5.8,6393185
03/27/1968,04:52:47,47.914,154.053,45.0,5.6,0
03/27/1968,22:36:43,-4.178,133.149,17.5,5.7,13613
04/01/1968,00:42:07,32.449,132.269,34.2,7.5,1086108
04/01/1968,07:13:19,32.241,132.136,30.0,6.8,949004
04/07/1968,04:40:21,51.359,176.55,36.4,5.9,0
04/09/1968,02:29:00,33.1798333,-116.103,10.0,6.6,2871621
04/14/1968,08:37:11,33.514,141.763,24.2,5.6,0
04/19/1968,09:04:26,-42.68,-16.088,10.0,5.8,0
04/20/1968,12:25:09,-15.676,-172.705,15.0,6.3,0
04/21/1968,08:34:03,38.621,143.286,25.0,6.3,0
04/23/1968,20:29:15,58.645,-150.086,20.1,6.2,0
04/26/1968,00:42:35,-15.575,-172.91,30.0,6.2,43
04/26/1968,15:00:02,37.2953333,-116.4556667,1.2,5.63,2247
04/26/1968,17:47:59,18.462,-103.528,30.0,6.1,536487
04/28/1968,04:18:14,44.757,174.533,15.0,5.5,0
05/02/1968,05:29:39,18.682,-69.641,82.3,5.9,17790755
05/02/1968,23:26:04,-6.348,129.915,125.3,5.7,0
05/03/1968,05:32:47,25.191,124.636,97.4,5.7,54197
05/07/1968,09:00:29,6.741,-73.002,159.4,5.7,4333723
05/08/1968,11:00:05,-58.011,157.724,15.0,5.6,0
05/08/1968,12:17:13,43.597,-128.135,10.0,6.4,0
05/09/1968,12:52:24,-5.348,-81.835,18.8,5.7,95958
05/11/1968,15:33:39,-6.34,147.107,50.0,5.8,301946
05/14/1968,14:05:06,29.938,129.445,160.1,6.7,756
05/15/1968,07:51:18,-15.894,26.113,25.7,5.6,1963206
05/15/1968,15:00:31,-29.787,-179.035,20.0,5.6,0
05/16/1968,00:49:02,40.86,143.435,29.9,8.2,0
05/16/1968,01:04:56,41.11,143.5,25.0,6.0,769
05/16/1968,06:36:52,41.097,143.204,30.0,5.8,769
05/16/1968,08:58:14,41.444,142.815,29.3,6.1,44136
05/16/1968,10:39:02,41.43,142.864,25.0,7.9,43303
05/16/1968,16:13:46,39.856,143.745,25.0,6.5,0
05/16/1968,18:43:22,40.82,142.198,59.3,5.7,640364
05/16/1968,19:16:48,41.35,142.614,43.3,6.1,39811
05/16/1968,19:45:07,12.678,141.471,20.0,5.7,0
05/16/1968,20:22:16,41.506,142.717,37.1,6.1,88258
05/16/1968,23:04:58,39.808,143.233,43.0,6.5,0
05/17/1968,10:42:47,39.698,143.516,27.8,6.1,0
05/17/1968,16:02:24,40.699,144.192,20.0,6.3,0
05/17/1968,18:17:09,39.684,143.366,34.9,6.1,0
05/18/1968,01:02:28,-55.446,-27.854,15.0,5.8,0
05/19/1968,04:12:38,35.626,141.955,20.0,6.3,0
05/19/1968,22:16:49,40.941,143.458,37.4,6.1,0
05/20/1968,03:16:20,40.15,144.063,15.0,5.9,0
05/20/1968,07:13:09,-30.799,-178.11,55.0,7.0,0
05/20/1968,10:34:20,48.737,154.903,51.9,5.8,0
05/20/1968,20:05:51,-30.725,-178.087,50.0,6.9,0
05/20/1968,21:09:46,44.822,150.219,28.3,7.0,0
05/21/1968,00:19:35,44.758,150.255,35.0,5.9,0
05/21/1968,04:11:26,41.162,143.667,30.0,5.6,769
05/21/1968,08:20:02,44.878,150.186,31.3,6.3,0
05/21/1968,11:00:46,44.737,150.244,30.0,5.8,0
05/22/1968,10:51:55,41.529,143.031,45.1,6.0,51457
05/22/1968,19:29:28,40.25,142.51,48.5,6.0,413476
05/23/1968,17:24:18,-41.659,172.02,20.0,7.2,4450975
05/24/1968,14:06:24,40.881,143.178,27.6,6.6,0
05/24/1968,15:43:56,-6.799,118.853,619.1,6.2,0
05/24/1968,20:57:26,-41.939,171.999,15.0,5.7,4458632
05/25/1968,11:52:58,40.179,143.29,31.8,6.1,0
05/28/1968,09:06:31,-30.786,-177.63,30.0,5.9,0
05/28/1968,13:27:19,-2.85,139.353,45.0,7.5,0
05/28/1968,22:30:00,52.215,172.763,20.5,5.7,0
05/30/1968,05:23:48,44.65,150.259,24.2,5.9,0
05/30/1968,19:42:26,-30.928,-177.397,35.0,6.4,0
06/01/1968,10:31:50,40.252,142.397,45.0,5.8,553273
06/02/1968,08:18:37,-8.076,158.673,35.0,5.7,0
06/03/1968,14:16:19,45.445,148.584,155.0,5.6,6378
06/07/1968,11:57:34,-1.916,120.094,35.0,6.7,71537
06/07/1968,21:30:55,-2.078,120.462,38.0,6.2,71537
06/08/1968,00:16:39,-8.74,157.558,15.0,5.7,0
06/08/1968,05:29:48,43.54,147.096,40.0,5.9,3800
06/08/1968,23:24:03,-48.946,31.122,15.0,6.2,0
06/10/1968,12:41:07,56.28,-161.493,186.1,5.7,45
06/12/1968,13:41:53,39.503,143.07,32.1,7.0,66195
06/12/1968,20:15:49,-0.591,132.909,35.0,5.7,7406
06/12/1968,21:57:42,39.362,142.955,27.5,6.3,110032
06/13/1968,11:56:24,39.235,143.187,30.0,5.6,0
06/13/1968,21:10:37,39.421,143.097,30.0,6.2,15826
06/14/1968,11:52:39,39.306,142.992,24.5,5.7,110032
06/14/1968,12:17:25,45.25,153.351,10.0,5.7,0
06/15/1968,05:59:05,26.88,126.514,140.0,5.6,10450
06/15/1968,07:08:49,5.591,-82.549,10.0,6.2,0
06/15/1968,11:27:33,51.633,159.325,30.0,5.7,0
06/16/1968,19:14:05,-53.827,8.766,10.0,5.9,0
06/17/1968,11:53:01,41.054,143.259,37.6,6.3,491
06/17/1968,18:09:37,-12.301,166.567,50.0,6.3,0
06/17/1968,18:57:30,38.745,143.918,25.0,6.4,0
06/19/1968,08:13:35,-5.61,-77.086,15.0,6.8,110040
06/19/1968,19:58:03,-44.054,-75.583,20.0,5.8,0
06/20/1968,02:38:37,-5.573,-77.184,15.0,5.7,110040
06/21/1968,00:26:08,-5.705,-77.258,15.0,5.7,145066
06/22/1968,01:12:33,40.406,143.767,18.2,6.1,0
06/25/1968,23:33:20,39.585,143.587,20.7,5.8,0
06/26/1968,10:23:51,42.037,142.897,45.0,5.8,175733
06/26/1968,15:40:31,-22.207,171.315,80.0,5.9,0
07/01/1968,10:45:12,35.999,139.348,60.6,6.1,192254444
07/02/1968,03:44:52,17.515,-100.273,57.9,6.4,1078047
07/02/1968,04:30:53,-29.915,-177.69,55.0,5.7,0
07/02/1968,18:40:10,-2.712,138.891,45.0,6.0,11633
07/05/1968,11:28:14,38.478,142.153,47.0,6.3,514551
07/06/1968,19:29:00,-6.477,133.887,55.0,5.8,0
07/10/1968,11:16:45,-36.772,78.413,15.0,6.0,0
07/10/1968,20:40:31,40.211,143.472,20.0,5.9,0
07/12/1968,00:44:37,39.554,143.238,21.8,6.0,0
07/12/1968,03:56:28,39.623,143.277,19.9,6.0,0
07/17/1968,05:24:15,-8.619,125.008,12.4,5.9,369026
07/19/1968,04:56:26,8.727,93.626,15.0,5.8,0
07/21/1968,06:09:42,-3.112,150.6,15.0,5.7,18000
07/22/1968,05:09:14,-54.73,1.5,10.0,6.0,0
07/22/1968,17:58:33,-20.154,169.011,38.4,5.6,230
07/23/1968,23:02:39,40.387,143.505,26.7,6.0,0
07/25/1968,07:23:07,-30.725,-178.217,45.0,7.3,0
07/25/1968,10:50:33,45.558,146.861,17.3,5.8,6378
07/27/1968,10:51:32,-19.188,176.024,15.0,5.7,0
07/28/1968,21:12:40,55.42,166.565,23.6,6.1,615
