Date	Time	Magnitude	Depth	population_impacted	dangerosite_adjusted
01/02/1965	13:44:18	6.0	131.6	0	faible
01/04/1965	11:29:49	5.8	80.0	34100	elevee
01/05/1965	18:05:58	6.2	20.0	4798	elevee
01/08/1965	18:49:43	5.8	15.0	0	faible
01/09/1965	13:32:50	5.8	15.0	4418	elevee
01/10/1965	13:36:32	6.7	35.0	486	faible
01/12/1965	13:32:25	5.9	20.0	2247163	moderee
01/15/1965	23:17:42	6.0	35.0	486	faible
01/16/1965	11:32:37	6.0	95.0	0	faible
01/17/1965	10:43:17	5.8	565.0	0	faible
01/17/1965	20:57:41	5.9	227.9	1575300	moderee
01/24/1965	00:11:17	8.2	20.0	0	moderee
01/29/1965	09:35:30	5.5	55.0	0	faible
02/01/1965	05:27:06	5.6	482.9	0	faible
02/02/1965	15:56:51	6.0	15.0	9110	elevee
02/04/1965	03:25:00	6.1	10.0	0	faible
02/04/1965	05:01:22	8.7	30.3	0	moderee
02/04/1965	06:04:59	6.0	30.0	0	faible
02/04/1965	06:37:06	5.7	25.0	0	faible
02/04/1965	06:39:32	5.8	25.0	0	faible
02/04/1965	07:11:23	5.9	25.0	0	faible
02/04/1965	07:14:59	5.9	20.0	0	faible
02/04/1965	07:23:12	5.7	10.0	0	faible
02/04/1965	07:43:43	5.7	24.0	0	faible
02/04/1965	08:06:17	5.7	31.8	0	faible
02/04/1965	08:33:41	5.6	20.0	0	faible
02/04/1965	08:40:44	7.3	30.0	0	moderee
02/04/1965	12:06:08	6.5	30.0	0	faible
02/04/1965	12:50:59	5.6	20.0	0	faible
02/04/1965	14:18:29	6.4	25.0	0	faible
02/04/1965	15:51:25	5.8	25.0	0	faible
02/04/1965	18:34:12	5.8	25.0	0	faible
02/04/1965	19:44:04	5.8	10.0	0	faible
02/04/1965	22:30:03	5.7	10.0	0	faible
02/05/1965	06:39:50	5.7	25.0	0	faible
02/05/1965	09:32:11	6.3	39.5	0	faible
02/05/1965	13:38:47	5.7	30.0	0	faible
02/05/1965	20:47:12	6.0	20.0	0	faible
02/05/1965	22:16:02	5.6	30.4	0	faible
02/06/1965	01:40:32	6.4	17.8	0	faible
02/06/1965	04:02:54	6.2	27.7	0	faible
02/06/1965	07:14:45	5.6	30.1	0	faible
02/06/1965	12:22:28	5.7	37.4	0	faible
02/06/1965	14:11:11	5.7	17.5	0	faible
02/06/1965	16:50:29	6.3	22.5	0	faible
02/06/1965	18:10:30	5.8	25.2	0	faible
02/07/1965	02:17:08	5.7	17.7	0	faible
02/07/1965	04:11:22	5.7	25.0	0	faible
02/07/1965	09:25:52	5.8	25.0	0	faible
02/08/1965	15:46:52	5.9	32.5	615	faible
02/09/1965	05:42:05	5.6	200.0	1030	faible
02/09/1965	17:37:17	6.0	30.0	0	faible
02/12/1965	00:55:10	5.8	25.0	0	faible
02/15/1965	01:25:07	5.8	20.0	0	faible
02/15/1965	10:43:29	5.9	100.0	0	faible
02/16/1965	12:24:10	5.7	53.5	1084305	moderee
02/17/1965	10:18:51	5.7	30.0	0	faible
02/17/1965	18:23:57	5.6	340.0	0	faible
02/18/1965	04:26:37	5.6	55.0	854026	moderee
02/18/1965	22:39:48	5.9	35.0	0	faible
02/18/1965	23:13:40	5.8	40.4	0	faible
02/21/1965	11:14:18	5.8	35.0	0	faible
02/23/1965	22:11:47	7.0	35.0	23664	elevee
02/25/1965	04:51:29	6.2	40.0	46321	elevee
02/25/1965	05:22:14	6.2	20.3	0	faible
02/26/1965	23:36:14	5.6	160.0	4340448	moderee
02/27/1965	07:46:25	6.0	10.0	22605	elevee
03/01/1965	07:20:56	5.9	30.0	42644	elevee
03/01/1965	08:18:57	5.7	30.0	25087	elevee
03/01/1965	09:08:48	5.5	40.0	46321	elevee
03/01/1965	13:20:57	5.6	30.0	25087	elevee
03/01/1965	19:22:04	5.7	33.6	0	faible
03/01/1965	21:32:14	5.6	105.2	924435	moderee
03/02/1965	22:00:05	5.8	10.0	12576347	moderee
03/03/1965	14:39:02	5.6	15.0	0	faible
03/03/1965	15:14:08	6.7	14.8	62309	elevee
03/03/1965	16:47:28	6.3	25.7	0	faible
03/04/1965	01:48:56	5.7	200.0	0	faible
03/05/1965	06:15:04	5.5	30.0	0	faible
03/05/1965	13:42:47	5.6	35.0	0	faible
03/05/1965	14:32:18	5.8	560.8	20774	moderee
03/05/1965	17:59:16	5.6	35.0	0	faible
03/06/1965	11:10:51	5.6	10.0	0	faible
03/06/1965	20:23:57	5.8	45.0	63743	elevee
03/07/1965	01:43:11	6.0	50.0	0	faible
03/09/1965	17:57:55	6.1	15.0	393709	moderee
03/13/1965	07:33:24	5.7	20.0	0	faible
03/14/1965	15:53:07	7.4	207.8	856847	moderee
03/15/1965	02:02:09	5.8	15.0	7219255	moderee
03/16/1965	16:46:17	6.4	32.1	0	faible
03/17/1965	14:27:15	6.0	25.0	0	faible
03/18/1965	06:22:12	6.3	224.9	104000	elevee
03/18/1965	12:40:45	5.7	35.0	0	faible
03/19/1965	16:20:53	6.0	40.0	61702	elevee
03/21/1965	11:08:19	6.3	28.9	0	faible
03/22/1965	02:44:49	6.5	30.5	759	faible
03/22/1965	22:56:27	6.2	48.8	16913543	moderee
03/23/1965	23:54:05	6.2	25.0	759	faible
03/24/1965	22:42:12	5.7	55.0	3082728	moderee
03/28/1965	13:23:01	5.8	40.0	0	faible
03/28/1965	16:33:16	7.4	70.0	18583245	moderee
03/29/1965	10:47:38	6.4	30.0	0	faible
03/30/1965	00:21:00	5.9	20.0	137	faible
03/30/1965	02:27:06	7.6	20.0	0	moderee
03/31/1965	09:47:31	6.8	75.0	12388263	moderee
04/01/1965	07:08:37	5.9	60.0	2461099	moderee
04/03/1965	11:20:43	5.8	10.0	89502	elevee
04/04/1965	13:30:39	5.7	30.7	0	faible
04/04/1965	15:36:13	5.6	25.0	0	faible
04/05/1965	03:12:53	6.1	20.0	904778	moderee
04/05/1965	13:52:12	5.7	39.2	0	faible
04/06/1965	05:31:59	5.7	50.0	192115717	moderee
04/06/1965	09:42:29	6.2	25.0	335297	moderee
04/08/1965	13:43:54	6.1	25.0	0	faible
04/09/1965	10:45:26	6.0	20.0	0	faible
04/09/1965	23:57:06	6.2	65.0	345269	moderee
04/10/1965	14:46:51	5.7	17.5	0	faible
04/10/1965	22:32:48	6.5	543.7	0	faible
04/10/1965	22:53:05	6.3	635.0	0	faible
04/11/1965	00:11:11	5.9	20.0	3194	elevee
04/11/1965	18:51:37	5.7	570.0	0	faible
04/12/1965	20:41:17	5.6	421.7	0	faible
04/15/1965	05:09:50	5.6	165.0	14549	elevee
04/16/1965	23:22:21	6.0	15.0	1797	faible
04/18/1965	06:33:58	5.9	10.0	0	faible
04/18/1965	09:39:19	6.1	25.0	0	faible
04/18/1965	12:41:56	6.1	25.0	0	faible
04/19/1965	23:42:00	6.0	35.0	6500273	moderee
04/24/1965	21:55:29	5.8	70.0	0	faible
04/25/1965	01:00:15	6.0	30.0	0	faible
04/26/1965	09:47:29	5.7	25.0	0	faible
04/26/1965	20:29:07	5.6	36.8	57	faible
04/26/1965	22:15:45	6.1	37.1	0	faible
04/27/1965	10:54:24	6.0	30.0	0	faible
04/27/1965	14:09:10	6.1	60.0	116103	elevee
04/27/1965	20:09:17	5.8	15.0	0	faible
04/29/1965	15:28:45	6.7	64.7	3816644	moderee
04/29/1965	15:48:55	6.0	480.0	0	faible
05/01/1965	21:27:54	5.6	15.0	6335	elevee
05/02/1965	07:13:45	5.8	22.5	50448	elevee
05/03/1965	01:09:34	5.8	90.0	2824874	moderee
05/03/1965	10:01:38	5.9	15.0	7024970	moderee
05/03/1965	16:09:09	5.7	110.0	2063	elevee
05/04/1965	08:34:43	6.2	10.0	3135573	moderee
05/12/1965	08:05:56	5.7	50.0	22278	elevee
05/12/1965	10:33:47	6.1	153.1	0	faible
05/15/1965	23:58:36	5.8	25.0	0	faible
05/16/1965	11:35:47	5.9	35.0	2101955	moderee
05/17/1965	17:19:33	6.7	68.4	2154829	moderee
05/19/1965	03:00:58	5.6	35.0	1122	faible
05/19/1965	06:03:56	5.6	35.0	0	faible
05/19/1965	13:59:55	5.5	50.0	106555	elevee
05/20/1965	00:40:27	7.7	120.0	14382	elevee
05/22/1965	03:05:46	5.7	35.0	0	faible
05/22/1965	10:31:39	6.1	553.8	0	faible
05/23/1965	23:46:15	6.0	28.5	0	faible
05/24/1965	23:21:12	5.9	25.0	4428970	moderee
05/25/1965	13:07:51	5.8	30.1	0	faible
05/26/1965	19:44:13	6.0	125.0	0	faible
05/31/1965	11:38:42	5.9	150.0	0	faible
06/02/1965	05:13:00	5.7	540.0	0	faible
06/02/1965	23:40:23	5.9	12.5	0	faible
06/05/1965	03:49:03	5.6	20.0	0	faible
06/11/1965	02:37:35	5.6	20.0	0	faible
06/11/1965	03:33:47	7.0	40.7	0	moderee
06/11/1965	03:34:04	7.2	58.0	6378	elevee
06/11/1965	07:11:04	5.5	31.6	0	faible
06/11/1965	07:27:44	5.6	35.0	0	faible
06/11/1965	08:41:01	5.7	32.6	0	faible
06/12/1965	05:28:40	5.6	35.0	0	faible
06/12/1965	05:40:58	5.7	38.0	0	faible
06/12/1965	06:03:33	5.7	35.0	0	faible
06/12/1965	18:45:44	5.5	35.0	0	faible
06/12/1965	18:50:12	5.9	102.2	314322	moderee
06/13/1965	07:06:15	6.1	38.1	50687	elevee
06/13/1965	20:01:51	5.9	25.0	2718470	moderee
06/14/1965	07:30:42	5.6	10.0	0	faible
06/15/1965	09:20:34	5.9	95.0	128196	elevee
06/15/1965	23:10:29	6.2	25.0	0	faible
06/17/1965	20:14:51	5.9	10.0	3900	elevee
06/20/1965	01:57:26	5.6	45.0	0	faible
06/20/1965	18:04:34	5.5	10.0	0	faible
06/21/1965	00:21:17	5.9	25.0	211431	moderee
06/22/1965	23:48:07	6.3	40.0	6490638	moderee
06/23/1965	11:09:17	6.5	20.0	289	faible
06/24/1965	07:45:13	5.8	30.0	10119897	moderee
06/27/1965	09:45:45	5.7	10.0	0	faible
06/27/1965	11:08:59	6.5	15.0	0	faible
06/27/1965	11:36:14	5.9	40.0	25371346	moderee
06/28/1965	03:33:35	6.0	25.0	0	faible
06/30/1965	02:53:16	5.8	30.0	0	faible
06/30/1965	08:33:33	5.7	44.6	0	faible
07/01/1965	23:12:42	6.1	10.0	0	faible
07/02/1965	20:58:40	7.8	45.0	0	moderee
07/03/1965	11:26:13	5.9	35.0	4811708	moderee
07/06/1965	03:04:21	5.8	35.0	0	faible
07/06/1965	03:18:45	6.3	20.0	12540010	moderee
07/06/1965	04:08:49	5.6	45.0	0	faible
07/06/1965	18:36:46	6.3	490.0	0	faible
07/07/1965	23:00:00	5.7	35.0	0	faible
07/12/1965	13:57:15	5.7	112.4	35615	elevee
07/15/1965	18:33:30	6.0	570.0	10630797	moderee
07/17/1965	07:20:34	5.9	25.0	55722	elevee
07/20/1965	13:18:28	5.7	24.6	14022035	moderee
07/21/1965	17:52:33	5.5	28.8	0	faible
07/25/1965	03:40:43	5.5	105.0	390680	moderee
07/25/1965	13:33:04	5.6	15.0	0	faible
07/25/1965	21:46:45	5.7	20.1	0	faible
07/28/1965	22:29:09	5.6	140.0	84624	elevee
07/29/1965	08:29:24	6.8	21.4	0	faible
07/29/1965	12:20:21	5.7	15.0	0	faible
07/29/1965	15:08:37	5.6	20.0	0	faible
07/30/1965	07:20:10	5.6	160.0	4340448	moderee
08/01/1965	23:44:29	5.9	45.0	0	faible
08/02/1965	13:19:57	7.3	10.0	0	moderee
08/03/1965	02:01:53	5.7	26.3	0	faible
08/05/1965	00:07:52	6.5	60.0	62309	elevee
08/11/1965	03:40:58	7.2	25.0	15480	elevee
08/11/1965	07:18:47	5.8	30.0	15580	elevee
08/11/1965	19:52:32	6.9	30.0	15580	elevee
08/11/1965	20:13:58	6.0	30.0	15680	elevee
08/11/1965	22:31:51	7.6	30.0	15530	elevee
08/12/1965	08:01:46	6.9	30.0	15660	elevee
08/12/1965	12:57:15	6.8	51.0	42644	elevee
08/12/1965	18:04:56	5.9	35.0	15329	elevee
08/13/1965	04:40:57	5.8	30.0	230743	moderee
08/13/1965	11:24:53	6.1	25.0	15332	elevee
08/13/1965	12:40:10	7.4	25.0	15510	elevee
08/13/1965	12:40:32	7.2	35.0	231006	moderee
08/13/1965	17:56:30	6.2	35.0	216952	moderee
08/13/1965	21:57:38	6.0	30.0	44419	elevee
08/14/1965	11:07:47	6.0	20.0	15530	elevee
08/14/1965	13:18:06	5.7	35.0	2978	elevee
08/16/1965	12:36:22	6.2	15.0	0	faible
08/17/1965	10:35:10	6.1	65.0	261118	moderee
08/17/1965	16:17:45	5.8	30.0	13732	elevee
08/18/1965	14:51:34	6.2	25.0	15430	elevee
08/20/1965	05:54:51	6.7	330.0	0	faible
08/20/1965	09:42:50	6.7	124.0	30473	elevee
08/20/1965	21:21:52	6.1	75.0	0	faible
08/21/1965	15:04:20	5.6	45.0	38622	elevee
08/23/1965	14:08:58	6.0	15.0	808871	moderee
08/23/1965	19:46:04	7.4	25.0	370152	moderee
08/24/1965	01:01:00	5.8	25.0	133773	elevee
08/27/1965	18:22:03	5.7	30.0	0	faible
08/30/1965	03:32:08	5.8	30.0	216150	moderee
08/30/1965	18:09:44	5.7	55.0	0	faible
09/01/1965	04:47:33	5.8	100.0	0	faible
09/02/1965	04:26:39	5.5	31.0	0	faible
09/04/1965	10:19:51	5.9	15.0	0	faible
09/04/1965	14:32:51	7.0	27.8	6538	elevee
09/08/1965	03:26:22	5.7	25.0	6754	elevee
09/09/1965	10:02:26	6.2	15.0	0	faible
09/11/1965	06:53:01	6.2	44.6	0	faible
09/12/1965	08:40:10	6.1	15.0	38966	elevee
09/12/1965	22:02:35	6.3	25.0	0	faible
09/13/1965	13:07:51	5.9	18.9	615	faible
09/13/1965	16:15:45	6.1	15.0	0	faible
09/14/1965	08:27:18	5.8	35.0	1308291	moderee
09/16/1965	13:50:12	6.0	160.0	4564341	moderee
09/17/1965	11:13:57	6.5	185.9	38224	elevee
09/17/1965	14:22:38	5.8	35.0	1228179	moderee
09/17/1965	15:18:36	5.9	35.0	1291924	moderee
09/17/1965	16:21:20	6.8	35.0	2043665	moderee
09/18/1965	22:03:12	6.0	25.0	805873	moderee
09/21/1965	01:38:31	6.7	197.6	0	faible
09/22/1965	04:24:50	5.9	35.0	108334	elevee
09/22/1965	20:01:50	5.9	55.0	62309	elevee
09/22/1965	22:08:01	6.3	35.0	1635763	moderee
09/24/1965	23:53:43	5.6	45.0	231370	moderee
09/25/1965	14:53:34	5.7	27.5	0	faible
09/26/1965	21:33:52	5.8	10.0	4	faible
09/27/1965	05:09:13	5.6	35.0	0	faible
09/28/1965	05:06:40	6.5	25.0	0	faible
09/30/1965	23:47:42	6.1	20.0	0	faible
10/01/1965	08:52:06	6.8	19.7	0	faible
10/01/1965	13:22:29	6.2	545.5	0	faible
10/01/1965	22:34:23	6.0	10.0	0	faible
10/03/1965	14:45:31	5.9	50.0	0	faible
10/03/1965	16:14:57	5.9	22.2	768	faible
10/07/1965	03:36:02	5.9	20.0	0	faible
10/10/1965	17:25:41	5.8	20.0	0	faible
10/12/1965	13:41:01	5.6	25.0	73	faible
10/16/1965	08:22:55	5.7	192.4	1938	faible
10/17/1965	01:53:35	5.7	15.0	0	faible
10/18/1965	21:50:07	6.3	25.0	0	faible
10/19/1965	20:48:49	6.1	35.0	0	faible
10/23/1965	06:00:54	5.6	45.0	6080	elevee
10/24/1965	14:32:11	5.9	145.1	0	faible
10/24/1965	18:15:10	5.6	60.0	0	faible
10/25/1965	22:34:24	6.7	170.0	144526	moderee
10/28/1965	08:58:27	5.6	25.0	0	faible
11/03/1965	01:39:04	6.7	593.8	17101	moderee
11/03/1965	18:21:08	6.1	15.0	0	faible
11/05/1965	19:01:04	5.9	15.0	104887	elevee
11/06/1965	09:21:47	6.2	15.0	0	faible
11/12/1965	17:52:24	6.4	20.0	0	faible
11/13/1965	04:33:52	6.5	35.0	9776754	moderee
11/13/1965	17:59:43	5.7	45.0	75370	elevee
11/14/1965	05:54:13	5.7	40.0	2097313	moderee
11/15/1965	11:18:50	6.1	10.0	0	faible
11/16/1965	06:45:59	5.9	110.0	1082357	moderee
11/16/1965	15:24:44	6.0	10.0	0	faible
11/16/1965	17:05:41	5.7	94.7	52931	elevee
11/18/1965	17:17:20	5.6	160.0	0	faible
11/18/1965	20:00:21	6.5	430.0	0	faible
11/18/1965	21:58:19	6.0	45.0	0	faible
11/20/1965	15:05:42	5.8	147.9	0	faible
11/21/1965	10:31:55	6.5	133.3	0	faible
11/22/1965	14:00:30	5.7	55.0	171	faible
11/22/1965	20:25:31	5.9	25.0	0	faible
11/23/1965	01:17:30	6.2	20.0	0	faible
11/23/1965	02:17:50	5.6	30.0	0	faible
11/23/1965	16:31:06	5.8	55.0	51812	elevee
11/27/1965	08:42:24	5.6	60.0	0	faible
11/27/1965	12:01:56	5.8	70.0	55722	elevee
11/28/1965	03:56:46	6.2	25.0	179899	moderee
11/28/1965	05:26:06	5.9	77.4	171032	moderee
11/28/1965	21:31:45	5.8	60.0	133862	elevee
12/04/1965	02:11:50	5.8	15.0	0	faible
12/05/1965	18:14:52	5.6	35.0	0	faible
12/06/1965	11:34:55	6.7	25.0	0	faible
12/07/1965	22:19:17	6.3	122.5	266538	moderee
12/08/1965	18:05:27	6.0	175.0	27983	elevee
12/09/1965	06:07:47	6.4	35.0	1032296	moderee
12/09/1965	13:12:56	6.2	645.0	0	faible
12/10/1965	21:53:19	5.9	52.8	2978	elevee
12/13/1965	10:52:11	6.0	29.2	0	faible
12/13/1965	14:46:12	5.6	23.1	0	faible
12/15/1965	19:19:49	5.8	15.0	0	faible
12/15/1965	23:05:25	6.3	25.0	106113	elevee
12/22/1965	00:28:51	5.8	26.9	0	faible
12/22/1965	19:41:24	6.1	52.4	6572	elevee
12/23/1965	20:47:38	5.6	20.1	0	faible
12/25/1965	02:57:59	6.2	621.8	0	faible
12/26/1965	03:53:12	5.9	80.1	62309	elevee
12/28/1965	20:32:27	5.8	45.0	3022	elevee
12/30/1965	02:06:35	5.6	35.0	1646	faible
12/30/1965	06:16:04	5.8	100.0	1485299	moderee
01/05/1966	17:21:29	5.8	25.0	0	faible
01/11/1966	03:10:54	5.9	35.0	0	faible
01/11/1966	14:16:32	6.0	15.0	80105	elevee
01/13/1966	10:41:14	5.7	22.5	0	faible
01/16/1966	09:11:51	5.8	22.5	0	faible
01/20/1966	01:44:47	5.8	10.0	2782761	moderee
01/22/1966	14:27:09	6.2	20.0	0	faible
01/24/1966	07:23:10	5.8	10.0	1587618	moderee
01/26/1966	01:00:14	5.6	60.0	0	faible
01/28/1966	05:42:17	6.0	10.0	260091	moderee
01/28/1966	22:38:14	5.6	115.6	2183	elevee
01/31/1966	14:01:24	5.7	25.0	324077	moderee
02/03/1966	05:48:11	5.7	158.6	1471661	moderee
02/03/1966	11:58:36	5.7	61.1	1414595974	moderee
02/03/1966	17:57:42	5.8	25.0	808092	moderee
02/04/1966	10:39:12	6.4	180.0	231656	moderee
02/05/1966	02:01:45	6.2	10.0	12622538	moderee
02/05/1966	15:12:31	6.4	10.0	797600	moderee
02/05/1966	16:16:05	5.9	119.4	2507	elevee
02/07/1966	04:26:13	6.5	10.0	887618	moderee
02/07/1966	23:06:36	6.5	10.0	1171111	moderee
02/09/1966	04:40:32	6.3	40.0	0	faible
02/09/1966	07:18:50	5.8	45.0	0	faible
02/10/1966	05:29:15	5.8	35.0	0	faible
02/10/1966	14:21:13	6.5	45.7	0	faible
02/13/1966	06:36:01	6.0	35.0	400	faible
02/13/1966	10:44:40	5.9	10.0	6806800	moderee
02/16/1966	03:18:29	6.6	35.0	44139	elevee
02/17/1966	11:48:00	6.6	15.0	0	faible
02/17/1966	12:42:59	5.7	15.0	0	faible
02/18/1966	06:59:04	5.9	35.0	5451359	moderee
02/21/1966	00:22:29	6.0	15.0	0	faible
02/21/1966	13:18:50	5.6	120.0	0	faible
02/22/1966	05:02:39	6.9	35.0	62309	elevee
02/25/1966	22:50:48	6.0	20.0	0	faible
02/26/1966	00:33:50	5.6	35.0	0	faible
02/28/1966	02:02:13	5.6	217.6	8078	elevee
02/28/1966	13:35:42	6.0	45.0	756	faible
02/28/1966	21:38:54	5.7	64.7	37244	elevee
03/03/1966	03:25:29	5.8	45.8	0	faible
03/04/1966	23:58:56	5.9	30.0	82526	elevee
03/06/1966	02:10:56	6.7	20.0	8454	elevee
03/06/1966	02:15:56	6.3	20.0	8454	elevee
03/07/1966	21:29:19	6.5	25.0	21447590	moderee
03/08/1966	01:13:43	6.2	35.0	1286	faible
03/08/1966	05:41:06	6.2	35.0	0	faible
03/08/1966	06:00:07	5.6	35.0	0	faible
03/08/1966	20:46:12	5.8	108.6	309008	moderee
03/12/1966	16:31:20	7.5	30.0	137671	elevee
03/17/1966	15:50:33	6.7	625.0	0	faible
03/19/1966	17:16:39	5.6	10.0	0	faible
03/20/1966	01:42:53	6.6	29.3	157043	moderee
03/20/1966	09:04:25	5.6	25.0	105325	elevee
03/22/1966	08:11:37	6.2	20.0	22089563	moderee
03/22/1966	08:19:36	6.8	20.0	22089563	moderee
03/23/1966	00:04:36	6.2	49.5	1843	faible
03/24/1966	08:27:51	5.9	30.0	1286	faible
03/26/1966	15:19:04	6.0	20.0	28243041	moderee
03/26/1966	18:14:22	5.9	20.0	21603163	moderee
03/27/1966	18:53:41	5.7	25.0	405383	moderee
03/29/1966	02:17:40	6.0	80.0	0	faible
03/29/1966	06:12:00	6.0	20.0	22030663	moderee
04/03/1966	04:43:39	5.7	48.5	2360738	moderee
04/04/1966	06:42:13	5.8	10.0	108500	elevee
04/06/1966	02:59:01	6.3	10.0	0	faible
04/06/1966	22:28:38	5.6	26.2	73	faible
04/07/1966	09:42:34	5.7	49.7	1325325	moderee
04/08/1966	01:46:46	6.2	46.6	2183	elevee
04/09/1966	02:42:09	5.8	25.0	7940471	moderee
04/09/1966	14:49:25	5.7	55.0	1286	faible
04/10/1966	16:36:16	6.1	60.5	17573814	moderee
04/11/1966	17:17:30	5.7	30.0	228160	moderee
04/12/1966	23:37:42	6.3	35.0	1106349	moderee
04/13/1966	03:35:18	5.9	45.0	900569	moderee
04/16/1966	01:27:14	6.2	15.0	323	faible
04/20/1966	16:26:19	6.0	25.0	0	faible
04/20/1966	16:42:06	6.0	20.0	784193	moderee
04/21/1966	15:45:21	6.0	10.0	0	faible
04/21/1966	17:36:48	5.9	10.9	0	faible
04/22/1966	03:06:35	5.9	21.4	1165677	moderee
04/22/1966	23:27:21	5.8	20.9	6788	elevee
04/23/1966	00:09:35	6.5	20.0	110299	elevee
04/23/1966	08:56:43	6.1	35.0	110299	elevee
05/01/1966	16:22:57	6.4	161.0	366625	moderee
05/02/1966	09:52:48	6.1	35.0	86356	elevee
05/02/1966	16:39:45	5.6	105.0	1219085	moderee
05/05/1966	14:21:23	6.2	50.0	363552	moderee
05/09/1966	00:42:56	6.0	25.0	43562	elevee
05/11/1966	14:17:39	6.2	24.7	0	faible
05/11/1966	14:26:42	5.6	25.7	0	faible
05/11/1966	21:39:37	5.8	20.6	0	faible
05/14/1966	17:03:54	5.7	10.0	81207	elevee
05/15/1966	14:46:08	6.1	35.1	0	faible
05/16/1966	02:46:42	5.7	201.1	0	faible
05/17/1966	16:58:16	5.6	19.5	0	faible
05/18/1966	07:32:06	5.9	20.0	474049	moderee
05/19/1966	07:06:29	6.0	32.3	0	faible
05/20/1966	09:14:45	6.1	25.0	0	faible
05/20/1966	18:02:38	5.5	60.0	27457	elevee
05/23/1966	08:39:45	5.7	20.0	0	faible
05/23/1966	14:22:32	5.7	25.0	0	faible
05/25/1966	08:29:03	5.7	65.0	0	faible
05/25/1966	12:07:07	5.7	35.0	0	faible
05/25/1966	13:20:54	6.1	10.0	0	faible
05/28/1966	00:03:59	5.8	50.0	213743	moderee
06/01/1966	11:47:33	5.8	15.0	0	faible
06/02/1966	03:27:52	5.5	20.6	0	faible
06/02/1966	07:08:05	5.8	140.0	1471385	moderee
06/04/1966	23:48:20	6.0	39.1	0	faible
06/06/1966	01:45:43	5.6	15.0	14122	elevee
06/06/1966	07:46:17	6.6	215.6	906641	moderee
06/06/1966	20:47:10	6.0	25.0	1330879	moderee
06/07/1966	00:59:46	6.2	20.0	1033279	moderee
06/07/1966	11:44:52	5.6	35.0	237979	moderee
06/07/1966	13:59:36	6.8	35.0	0	faible
06/09/1966	15:39:27	5.7	93.2	7120	elevee
06/11/1966	18:13:38	5.6	35.0	0	faible
06/13/1966	07:33:13	6.1	25.0	0	faible
06/13/1966	18:08:37	6.7	241.6	0	faible
06/15/1966	00:59:50	7.1	45.0	0	moderee
06/15/1966	01:32:58	6.8	45.0	0	faible
06/15/1966	06:13:54	5.9	45.0	0	faible
06/15/1966	16:36:29	5.7	45.0	0	faible
06/21/1966	00:43:17	5.8	30.0	2392	elevee
06/21/1966	23:06:31	5.5	45.5	0	faible
06/22/1966	20:29:07	7.0	531.8	0	moderee
06/23/1966	05:01:43	5.6	225.0	162869	moderee
06/27/1966	10:41:09	6.0	25.9	269343	moderee
06/27/1966	10:49:49	5.7	25.0	271259	moderee
06/27/1966	10:59:19	6.3	25.0	49599	elevee
06/27/1966	21:47:11	5.6	115.0	289535	moderee
06/29/1966	21:46:57	6.0	45.0	1286	faible
07/01/1966	05:50:40	6.4	112.5	8019406	moderee
07/04/1966	02:55:37	5.8	30.0	0	faible
07/04/1966	18:33:40	6.8	15.0	0	faible
07/05/1966	02:21:43	5.8	15.0	0	faible
07/10/1966	16:12:44	6.1	35.6	54197	elevee
07/11/1966	22:45:56	6.0	25.0	0	faible
07/12/1966	18:53:11	5.7	39.3	1255212	moderee
07/19/1966	01:40:56	6.4	15.0	0	faible
07/19/1966	19:20:33	5.6	29.7	53	faible
07/21/1966	18:30:16	6.4	594.4	0	faible
07/22/1966	10:17:22	5.7	31.3	53	faible
07/27/1966	04:49:01	5.8	33.5	357505	moderee
08/01/1966	19:09:56	6.0	20.2	937654	moderee
08/01/1966	20:30:58	6.2	25.0	752654	moderee
08/01/1966	21:03:02	6.9	25.0	1102654	moderee
08/05/1966	04:33:02	5.7	35.0	0	faible
08/07/1966	02:13:04	6.9	19.7	0	faible
08/07/1966	03:07:16	5.6	35.0	0	faible
08/07/1966	17:36:12	6.35	6.0	63567	elevee
08/08/1966	08:02:47	6.0	30.0	0	faible
08/10/1966	05:01:10	6.0	98.8	107485	elevee
08/11/1966	23:25:39	5.9	35.0	0	faible
08/12/1966	20:16:59	5.8	17.2	0	faible
08/15/1966	02:15:32	5.6	27.0	4532793	moderee
08/15/1966	02:45:36	6.0	19.8	17618153	moderee
08/15/1966	10:20:40	6.0	10.0	0	faible
08/16/1966	02:16:20	5.8	196.4	906641	moderee
08/16/1966	18:02:36	5.7	10.0	185139	moderee
08/16/1966	19:45:38	6.2	15.0	0	faible
08/17/1966	19:54:10	5.7	540.0	0	faible
08/17/1966	20:58:39	5.6	41.9	0	faible
08/18/1966	10:33:16	5.8	68.4	1350559	moderee
08/18/1966	14:34:02	6.1	55.0	10353	elevee
08/18/1966	14:37:55	6.0	32.5	11008	elevee
08/19/1966	12:22:12	6.8	24.7	2207504	moderee
08/20/1966	07:43:29	5.7	113.3	685	faible
08/20/1966	09:32:32	5.8	159.4	5569163	moderee
08/20/1966	11:59:13	6.2	25.0	2285941	moderee
08/20/1966	22:55:02	6.1	35.0	0	faible
08/21/1966	05:00:25	6.0	35.0	2009871	moderee
08/22/1966	17:02:06	5.9	25.0	154854	moderee
08/22/1966	17:42:09	6.3	20.0	0	faible
08/23/1966	18:22:16	5.7	25.0	1843	faible
08/26/1966	00:51:52	5.8	55.0	0	faible
08/26/1966	09:06:50	6.0	10.0	0	faible
08/28/1966	07:29:42	5.7	170.0	0	faible
08/30/1966	20:20:54	5.6	29.6	22342	elevee
09/08/1966	21:15:56	7.7	115.0	36038	elevee
09/08/1966	21:55:41	5.6	35.0	0	faible
09/11/1966	17:38:05	5.9	161.1	4340448	moderee
09/12/1966	11:29:37	6.3	15.0	0	faible
09/12/1966	16:41:04	5.9	10.0	691316	moderee
09/14/1966	23:18:42	6.7	20.0	0	faible
09/15/1966	11:51:56	6.2	20.0	0	faible
09/15/1966	17:10:47	6.2	30.0	479230	moderee
09/18/1966	20:43:56	5.7	20.0	405654	moderee
09/25/1966	06:02:29	6.0	80.3	236690	moderee
09/26/1966	05:10:57	5.9	14.4	24641	elevee
09/28/1966	14:00:24	6.3	20.0	1478499	moderee
10/07/1966	15:55:10	6.9	150.0	0	faible
10/07/1966	20:55:57	5.6	55.0	318512	moderee
10/08/1966	00:12:17	6.1	15.0	0	faible
10/11/1966	06:25:55	6.1	20.0	0	faible
10/12/1966	00:06:38	6.0	20.0	0	faible
10/12/1966	04:22:17	5.8	25.0	0	faible
10/16/1966	09:13:28	5.7	15.0	0	faible
10/16/1966	12:55:32	5.7	100.0	0	faible
10/17/1966	21:42:00	8.1	40.0	66851	elevee
10/19/1966	08:01:34	7.0	15.0	0	moderee
10/26/1966	18:28:55	5.7	35.0	0	faible
10/27/1966	14:21:03	6.7	10.0	0	faible
10/29/1966	02:39:29	5.9	25.0	12196842	moderee
11/03/1966	16:24:33	6.0	26.5	201200	moderee
11/05/1966	12:45:14	6.4	15.0	527	faible
11/10/1966	03:02:34	6.1	113.0	1266555	moderee
11/11/1966	15:31:05	5.6	29.2	0	faible
11/12/1966	11:50:33	5.6	135.0	3380	elevee
11/12/1966	12:49:44	6.0	32.5	1156	faible
11/12/1966	18:45:03	6.3	35.0	15580	elevee
11/13/1966	02:51:54	5.6	79.4	826620	moderee
11/22/1966	06:29:54	5.9	460.0	0	faible
11/22/1966	07:01:12	5.8	35.0	0	faible
11/23/1966	02:19:13	5.9	35.0	13732	elevee
11/26/1966	02:18:19	5.7	51.8	23536	elevee
11/28/1966	07:32:53	5.6	16.7	0	faible
12/01/1966	04:56:59	6.8	125.0	1286	faible
12/02/1966	09:31:18	5.7	75.0	0	faible
12/07/1966	17:17:43	5.9	15.0	0	faible
12/10/1966	13:06:35	5.7	70.0	1249164	moderee
12/10/1966	18:08:15	6.3	25.0	0	faible
12/14/1966	21:07:53	6.3	65.0	6942839	moderee
12/15/1966	02:08:05	5.7	94.3	242808	moderee
12/16/1966	20:52:18	5.7	20.0	261043	moderee
12/20/1966	12:26:55	6.3	578.0	30041	moderee
12/20/1966	15:30:01	5.62	1.2	2247	elevee
12/21/1966	08:51:59	6.3	230.0	230	faible
12/23/1966	15:50:21	6.6	30.0	42631	elevee
12/27/1966	01:22:18	5.6	55.3	2085725	moderee
12/28/1966	08:18:07	7.7	25.0	22957	elevee
12/29/1966	22:16:21	5.6	10.0	0	faible
12/31/1966	18:23:09	7.8	55.0	0	moderee
12/31/1966	22:15:19	7.1	35.0	0	moderee
01/01/1967	07:05:51	6.5	30.0	759	faible
01/01/1967	21:59:00	5.9	30.0	2978	elevee
01/02/1967	09:47:54	5.6	29.1	1255310	moderee
01/02/1967	20:00:00	6.0	30.0	0	faible
01/03/1967	05:35:49	6.1	30.0	2978	elevee
01/03/1967	11:05:17	5.6	30.0	2978	elevee
01/03/1967	21:23:23	5.8	30.0	0	faible
01/04/1967	03:41:37	5.6	21.6	0	faible
01/04/1967	20:16:00	5.5	92.6	100925	elevee
01/05/1967	00:14:41	7.0	13.2	11320	elevee
01/05/1967	00:42:12	5.8	17.5	98186	elevee
01/05/1967	23:58:20	5.9	17.5	19731	elevee
01/06/1967	00:04:06	5.9	39.3	65068	elevee
01/06/1967	10:03:05	5.6	30.0	0	faible
01/07/1967	00:27:24	6.0	15.0	0	faible
01/07/1967	13:34:46	5.7	15.0	0	faible
01/11/1967	05:54:03	5.7	35.0	335297	moderee
01/11/1967	11:20:48	6.1	35.0	882101	moderee
01/13/1967	13:48:14	6.2	40.0	0	faible
01/16/1967	14:26:29	6.0	30.0	2978	elevee
01/17/1967	01:07:55	6.2	590.9	74634	moderee
01/17/1967	11:59:33	6.6	45.8	469376	moderee
01/18/1967	05:34:37	5.5	25.0	2940	elevee
01/18/1967	08:18:23	5.9	26.0	0	faible
01/19/1967	12:38:31	5.9	140.0	0	faible
01/20/1967	01:57:23	6.4	20.0	11320	elevee
01/21/1967	02:54:04	6.3	25.0	0	faible
01/23/1967	20:25:40	6.0	30.0	0	faible
01/24/1967	03:05:40	5.7	68.0	167988	moderee
01/24/1967	09:29:11	6.5	10.0	0	faible
01/25/1967	01:50:20	6.0	273.2	915892	moderee
01/28/1967	13:53:00	6.8	35.0	0	faible
01/28/1967	16:31:23	5.6	35.0	0	faible
01/28/1967	17:42:02	5.8	39.9	0	faible
01/30/1967	21:05:30	5.6	25.0	35998	elevee
01/31/1967	13:37:32	5.6	10.0	0	faible
02/02/1967	06:25:49	6.1	65.0	0	faible
02/03/1967	12:48:09	5.6	550.0	0	faible
02/07/1967	14:53:14	5.7	62.0	166	faible
02/09/1967	15:24:49	7.0	55.0	994218	moderee
02/13/1967	23:14:24	7.0	10.0	0	moderee
02/14/1967	01:36:08	6.8	30.0	0	faible
02/14/1967	05:02:39	5.8	630.0	0	faible
02/15/1967	16:11:12	7.0	600.4	17101	moderee
02/17/1967	10:10:52	6.5	15.0	0	faible
02/18/1967	02:39:20	5.6	35.0	0	faible
02/19/1967	22:14:36	6.3	80.0	48704	elevee
02/19/1967	23:28:29	5.9	95.0	127202	elevee
02/20/1967	15:18:41	5.5	20.0	1942912	moderee
02/22/1967	18:26:48	5.8	90.6	1030	faible
02/23/1967	20:38:59	6.0	31.9	1316567	moderee
02/25/1967	11:20:50	5.9	75.0	126923	elevee
02/25/1967	11:38:45	5.9	80.0	10629	elevee
02/28/1967	09:37:20	6.0	25.0	0	faible
03/02/1967	02:47:33	6.0	118.9	3302157	moderee
03/04/1967	05:09:25	5.7	131.1	31694	elevee
03/04/1967	06:16:24	5.7	226.7	0	faible
03/04/1967	17:58:06	6.6	15.0	28072	elevee
03/09/1967	06:58:36	5.9	15.0	2978	elevee
03/09/1967	18:02:42	5.9	15.0	2978	elevee
03/11/1967	08:33:29	5.9	55.0	2978	elevee
03/11/1967	14:45:01	5.9	28.7	625464	moderee
03/13/1967	16:06:53	5.7	20.0	805	faible
03/13/1967	19:22:19	5.6	20.0	0	faible
03/14/1967	06:58:05	5.7	16.9	19311	elevee
03/17/1967	11:24:47	6.2	25.0	0	faible
03/18/1967	19:15:37	5.7	110.0	15479	elevee
03/19/1967	01:10:51	6.2	97.7	0	faible
03/19/1967	04:01:41	6.7	40.0	0	faible
03/20/1967	13:31:35	5.8	35.0	0	faible
03/20/1967	13:40:53	5.7	34.5	0	faible
03/24/1967	09:00:20	6.7	598.0	0	faible
03/25/1967	22:47:59	5.9	30.4	0	faible
03/26/1967	22:39:03	5.7	20.0	108765	elevee
03/27/1967	08:58:24	6.1	29.7	31697959	moderee
03/27/1967	10:01:45	6.4	15.0	216752	moderee
03/30/1967	02:08:01	6.2	15.0	0	faible
04/01/1967	05:54:21	6.1	35.0	0	faible
04/01/1967	05:57:08	5.8	45.0	0	faible
04/01/1967	12:23:35	6.1	29.8	0	faible
04/03/1967	08:04:18	5.9	22.5	54954	elevee
04/05/1967	02:34:10	5.9	27.1	0	faible
04/05/1967	02:47:54	5.7	25.0	0	faible
04/06/1967	12:21:59	5.8	25.0	0	faible
04/09/1967	00:05:10	6.0	15.0	88719	elevee
04/10/1967	04:59:56	5.7	35.0	15588	elevee
04/10/1967	15:02:44	6.1	35.0	15588	elevee
04/10/1967	16:47:50	6.1	10.0	0	faible
04/12/1967	04:51:42	6.7	50.0	194907	moderee
04/12/1967	05:11:18	5.6	50.0	194907	moderee
04/13/1967	19:59:53	5.8	85.0	588784	moderee
04/20/1967	00:01:27	5.7	175.0	0	faible
04/21/1967	08:14:24	6.2	10.0	0	faible
04/23/1967	17:52:47	5.7	15.0	0	faible
04/29/1967	03:55:20	5.7	31.6	0	faible
04/30/1967	16:59:00	5.8	20.0	14633	elevee
05/01/1967	07:09:03	6.2	25.0	12223033	moderee
05/04/1967	08:17:34	5.9	30.0	0	faible
05/05/1967	15:00:08	5.8	40.0	0	faible
05/09/1967	21:30:07	5.7	90.0	0	faible
05/11/1967	14:51:01	5.6	15.0	5100	elevee
05/11/1967	15:05:23	6.1	109.4	305552	moderee
05/20/1967	13:02:07	5.7	10.0	0	faible
05/21/1967	18:45:13	6.7	179.3	121094	elevee
05/23/1967	19:17:48	5.8	125.0	0	faible
05/27/1967	17:23:00	5.8	30.7	0	faible
05/27/1967	19:05:48	5.9	20.0	0	faible
05/29/1967	04:45:44	5.8	20.0	0	faible
06/01/1967	03:36:19	5.8	50.0	6080	elevee
06/01/1967	20:47:45	5.6	15.0	92966	elevee
06/03/1967	09:08:57	5.6	27.8	6538	elevee
06/10/1967	05:26:44	5.7	31.9	438737	moderee
06/12/1967	05:21:09	5.8	10.0	0	faible
06/12/1967	23:22:46	6.0	40.0	0	faible
06/14/1967	03:14:18	5.7	97.0	14801	elevee
06/14/1967	05:06:21	6.2	29.6	759	faible
06/14/1967	08:13:01	5.6	35.0	0	faible
06/17/1967	05:00:15	6.0	163.4	0	faible
06/19/1967	17:07:46	6.1	27.1	0	faible
06/20/1967	07:38:49	5.9	27.6	0	faible
06/21/1967	06:49:54	5.7	15.0	22330	elevee
06/21/1967	18:13:04	5.7	10.0	791007	moderee
06/21/1967	20:09:32	6.2	35.0	11911	elevee
06/23/1967	05:05:06	5.8	90.0	0	faible
06/23/1967	21:30:12	5.6	16.4	0	faible
06/24/1967	21:00:26	5.7	20.0	0	faible
06/25/1967	23:18:04	5.8	20.0	0	faible
06/28/1967	00:14:37	5.6	25.0	0	faible
06/28/1967	14:34:06	5.7	30.0	0	faible
06/29/1967	16:36:20	5.5	150.0	0	faible
07/01/1967	23:10:08	6.5	27.5	0	faible
07/02/1967	07:03:53	6.1	15.0	0	faible
07/04/1967	23:42:14	5.7	158.1	1707907	moderee
07/06/1967	13:42:26	6.1	27.3	0	faible
07/07/1967	13:28:41	5.7	200.0	4770524	moderee
07/10/1967	19:18:11	5.7	75.0	0	faible
07/12/1967	21:00:23	6.1	20.0	0	faible
07/16/1967	13:34:33	6.2	30.0	7406	elevee
07/20/1967	15:36:24	6.4	20.0	1997	faible
07/22/1967	03:58:01	6.1	20.0	0	faible
07/22/1967	16:57:00	7.4	30.0	6157950	moderee
07/26/1967	18:53:02	6.2	20.0	2134486	moderee
07/29/1967	10:24:25	6.8	161.2	4536941	moderee
07/30/1967	00:00:04	6.6	25.0	9766143	moderee
07/30/1967	01:31:03	5.7	15.0	6291564	moderee
08/01/1967	01:13:42	5.7	50.0	1981532	moderee
08/09/1967	08:20:06	5.9	105.0	0	faible
08/10/1967	11:21:23	5.6	35.0	0	faible
08/12/1967	09:39:46	6.7	143.6	0	faible
08/12/1967	12:30:58	5.7	20.0	13732	elevee
08/13/1967	20:06:52	6.3	364.3	25258395	moderee
08/13/1967	22:07:48	5.7	10.0	2110284	moderee
08/13/1967	22:15:11	6.3	20.0	107855	elevee
08/15/1967	09:21:03	5.7	20.0	73200	elevee
08/16/1967	19:19:04	5.7	75.1	274289	moderee
08/18/1967	03:35:42	5.6	110.0	9563	elevee
08/19/1967	15:28:07	6.0	35.0	2463965	moderee
08/19/1967	15:41:54	5.7	85.0	210	faible
08/20/1967	15:03:36	5.8	103.2	56	faible
08/21/1967	07:33:03	6.6	39.1	35000	elevee
08/22/1967	13:02:05	6.6	10.0	0	faible
08/22/1967	13:17:02	5.7	10.0	0	faible
08/24/1967	03:21:19	5.6	65.9	3800	elevee
08/24/1967	10:32:55	5.8	25.0	13732	elevee
08/26/1967	00:36:42	6.2	20.0	0	faible
08/26/1967	02:07:10	5.6	20.0	0	faible
08/30/1967	04:22:04	6.4	10.0	120384	elevee
08/30/1967	11:08:49	5.8	10.0	110884	elevee
08/30/1967	13:33:28	6.0	35.0	0	faible
09/01/1967	03:31:11	5.7	185.0	8367	elevee
09/03/1967	21:07:29	7.0	15.0	0	moderee
09/04/1967	03:52:00	6.5	236.1	0	faible
09/06/1967	07:30:12	5.7	32.9	0	faible
09/07/1967	07:12:37	5.9	275.0	0	faible
09/08/1967	22:37:39	6.1	15.0	0	faible
09/09/1967	10:06:45	6.7	580.4	85410	moderee
09/09/1967	16:52:02	6.3	10.0	0	faible
09/13/1967	18:41:16	5.6	25.0	0	faible
09/15/1967	00:28:39	5.8	45.0	37652519	moderee
09/15/1967	10:32:44	5.8	13.7	43495	elevee
09/16/1967	08:31:58	5.6	55.0	171	faible
09/18/1967	15:33:07	5.8	35.0	266427	moderee
09/19/1967	10:56:10	6.1	80.0	287945	moderee
09/19/1967	12:45:33	6.3	10.0	0	faible
09/20/1967	09:39:16	7.0	20.0	0	moderee
09/20/1967	10:30:54	5.7	20.0	0	faible
09/20/1967	10:37:18	6.2	100.0	0	faible
09/22/1967	10:18:00	6.2	40.6	0	faible
09/26/1967	11:11:25	5.9	83.1	14225287	moderee
09/26/1967	16:11:24	6.2	50.0	1316136	moderee
09/28/1967	04:56:54	6.2	15.0	0	faible
09/28/1967	15:44:56	5.9	20.0	0	faible
09/30/1967	07:57:22	5.7	30.0	56694	elevee
10/03/1967	18:16:07	6.2	30.0	309938	moderee
10/04/1967	17:21:19	6.8	25.0	107156	elevee
10/07/1967	08:28:02	5.6	32.4	0	faible
10/08/1967	16:59:36	5.7	20.0	15511	elevee
10/08/1967	18:08:15	5.9	35.0	107156	elevee
10/09/1967	17:21:49	7.2	636.8	0	moderee
10/11/1967	15:52:15	5.6	10.0	0	faible
10/12/1967	06:35:08	5.6	642.9	0	faible
10/12/1967	12:53:46	5.8	461.8	0	faible
10/12/1967	18:31:43	6.0	88.2	0	faible
10/15/1967	08:00:52	7.1	160.4	7903170	moderee
10/16/1967	16:58:03	5.7	125.0	34100	elevee
10/17/1967	21:05:24	5.7	35.0	6872522	moderee
10/18/1967	01:11:44	6.0	15.0	0	faible
10/18/1967	22:06:26	5.7	35.0	0	faible
10/25/1967	00:59:25	6.8	71.1	6999565	moderee
10/26/1967	00:22:24	5.7	75.0	5586331	moderee
11/01/1967	18:56:55	5.7	15.0	14522	elevee
11/04/1967	10:17:14	5.6	550.0	0	faible
11/04/1967	13:26:47	6.0	35.0	447310	moderee
11/04/1967	14:30:39	6.7	30.0	559915	moderee
11/04/1967	14:46:03	5.6	30.0	589620	moderee
11/04/1967	16:26:49	6.1	93.7	22430	elevee
11/07/1967	03:49:20	5.6	46.7	0	faible
11/08/1967	03:10:54	5.6	20.0	5000	elevee
11/08/1967	06:07:22	5.6	30.0	0	faible
11/08/1967	17:09:29	5.8	30.0	0	faible
11/09/1967	02:18:48	6.2	584.2	0	faible
11/11/1967	12:14:57	5.9	22.4	3500	elevee
11/12/1967	10:36:51	6.4	15.0	0	faible
11/14/1967	05:28:39	5.9	210.0	0	faible
11/15/1967	21:31:56	6.3	34.8	72763	elevee
11/17/1967	04:58:57	5.7	15.0	0	faible
11/19/1967	12:07:00	5.8	35.0	2094580	moderee
11/19/1967	17:29:20	6.4	20.0	0	faible
11/21/1967	17:02:25	5.7	15.0	0	faible
11/22/1967	15:19:26	5.9	20.0	0	faible
11/23/1967	08:35:54	6.5	11.9	0	faible
11/23/1967	13:42:04	6.5	15.0	0	faible
11/26/1967	00:08:12	5.7	35.0	66702	elevee
11/26/1967	02:54:05	5.7	145.0	4933873	moderee
11/27/1967	05:13:14	5.6	60.5	17567905	moderee
11/28/1967	02:36:56	5.6	130.1	5075332	moderee
11/30/1967	07:23:52	6.7	20.0	6609707	moderee
12/01/1967	13:57:04	6.3	143.0	0	faible
12/07/1967	09:49:37	5.6	140.0	1376	faible
12/09/1967	10:50:45	5.8	10.0	0	faible
12/10/1967	12:06:55	5.6	20.0	79010	elevee
12/10/1967	22:51:23	6.6	15.0	1938544	moderee
12/13/1967	10:38:26	5.8	140.0	0	faible
12/13/1967	19:07:14	5.7	40.0	1030	faible
12/16/1967	20:54:03	6.0	50.0	2183	elevee
12/18/1967	14:04:22	5.7	20.0	0	faible
12/21/1967	02:25:26	7.3	45.0	30857	elevee
12/23/1967	13:23:15	5.9	45.0	72676	elevee
12/24/1967	20:03:12	6.4	15.0	103138	elevee
12/24/1967	21:32:33	6.2	15.0	103138	elevee
12/25/1967	01:23:32	7.2	35.0	0	moderee
12/25/1967	10:41:32	6.3	46.4	26696	elevee
12/27/1967	09:17:54	6.7	114.7	11053	elevee
12/27/1967	16:22:47	6.5	15.0	0	faible
12/31/1967	15:05:33	5.7	10.0	0	faible
01/02/1968	00:21:12	5.9	60.0	0	faible
01/04/1968	00:57:44	6.1	26.0	0	faible
01/04/1968	10:27:39	5.8	15.0	0	faible
01/06/1968	23:27:23	6.4	30.0	519903	moderee
01/07/1968	09:56:41	5.7	116.6	105467	elevee
01/07/1968	11:12:31	6.0	15.0	0	faible
01/13/1968	07:03:45	6.1	35.0	681502	moderee
01/13/1968	16:07:04	5.7	179.2	7479	elevee
01/14/1968	12:25:11	6.0	116.0	0	faible
01/14/1968	12:40:46	5.6	10.0	0	faible
01/14/1968	17:43:08	6.2	10.0	0	faible
01/15/1968	02:01:06	6.4	10.0	7089126	moderee
01/19/1968	06:04:39	6.7	27.5	0	faible
01/19/1968	14:39:39	5.7	17.5	654	faible
01/20/1968	16:41:30	5.7	20.0	0	faible
01/20/1968	21:21:33	6.1	356.6	0	faible
01/21/1968	16:42:30	6.5	21.2	0	faible
01/26/1968	04:45:44	6.8	30.6	386166	moderee
01/29/1968	05:00:10	5.6	212.0	1046600	moderee
01/29/1968	10:19:07	7.4	36.9	35946	elevee
01/29/1968	16:42:51	6.1	33.0	3800	elevee
01/30/1968	01:48:28	5.9	15.0	2285	elevee
01/30/1968	03:44:25	6.3	596.0	0	faible
02/01/1968	12:47:25	5.6	36.0	3800	elevee
02/03/1968	03:26:17	5.7	35.0	0	faible
02/03/1968	05:36:18	5.8	25.0	745592	moderee
02/04/1968	11:00:50	6.6	23.5	3800	elevee
02/06/1968	04:37:19	5.6	100.0	127202	elevee
02/06/1968	11:19:27	5.6	45.0	72271	elevee
02/10/1968	10:00:04	5.6	60.0	0	faible
02/12/1968	05:44:45	7.3	30.0	0	moderee
02/13/1968	02:12:35	5.7	85.0	0	faible
02/19/1968	13:55:09	5.7	30.0	0	faible
02/19/1968	22:45:45	7.2	15.0	8955	elevee
02/20/1968	02:19:50	5.8	10.0	0	faible
02/21/1968	01:44:54	6.2	10.0	4842511	moderee
02/21/1968	08:57:53	5.6	35.0	281888	moderee
02/24/1968	01:11:12	5.7	20.0	0	faible
02/25/1968	20:00:32	5.6	65.5	1683204	moderee
02/26/1968	10:50:19	7.1	25.0	1256511	moderee
02/27/1968	05:19:04	5.8	26.3	0	faible
02/27/1968	10:54:39	5.9	25.0	0	faible
02/28/1968	12:08:02	6.3	344.1	0	faible
03/02/1968	22:02:24	5.9	15.0	3500	elevee
03/03/1968	22:55:36	5.7	422.7	0	faible
03/05/1968	18:16:38	6.3	35.0	2087208	moderee
03/05/1968	18:38:05	6.1	35.0	3275046	moderee
03/07/1968	13:22:19	6.3	45.0	95677	elevee
03/09/1968	03:19:23	5.7	75.0	107156	elevee
03/10/1968	03:49:34	5.5	70.0	171	faible
03/10/1968	07:11:22	5.8	70.0	0	faible
03/11/1968	08:26:33	6.4	109.1	759	faible
03/17/1968	20:14:34	6.1	65.0	0	faible
03/22/1968	01:55:44	5.6	95.8	310985	moderee
03/22/1968	09:15:10	5.7	25.0	0	faible
03/26/1968	00:42:00	6.1	554.4	0	faible
03/26/1968	19:40:43	5.8	84.8	6393185	moderee
03/27/1968	04:52:47	5.6	45.0	0	faible
03/27/1968	22:36:43	5.7	17.5	13613	elevee
04/01/1968	00:42:07	7.5	34.2	1086108	moderee
04/01/1968	07:13:19	6.8	30.0	949004	moderee
04/07/1968	04:40:21	5.9	36.4	0	faible
04/09/1968	02:29:00	6.6	10.0	2871621	moderee
04/14/1968	08:37:11	5.6	24.2	0	faible
04/19/1968	09:04:26	5.8	10.0	0	faible
04/20/1968	12:25:09	6.3	15.0	0	faible
04/21/1968	08:34:03	6.3	25.0	0	faible
04/23/1968	20:29:15	6.2	20.1	0	faible
04/26/1968	00:42:35	6.2	30.0	43	faible
04/26/1968	15:00:02	5.63	1.2	2247	elevee
04/26/1968	17:47:59	6.1	30.0	536487	moderee
04/28/1968	04:18:14	5.5	15.0	0	faible
05/02/1968	05:29:39	5.9	82.3	17790755	moderee
05/02/1968	23:26:04	5.7	125.3	0	faible
05/03/1968	05:32:47	5.7	97.4	54197	elevee
05/07/1968	09:00:29	5.7	159.4	4333723	moderee
05/08/1968	11:00:05	5.6	15.0	0	faible
05/08/1968	12:17:13	6.4	10.0	0	faible
05/09/1968	12:52:24	5.7	18.8	95958	elevee
05/11/1968	15:33:39	5.8	50.0	301946	moderee
05/14/1968	14:05:06	6.7	160.1	756	faible
05/15/1968	07:51:18	5.6	25.7	1963206	moderee
05/15/1968	15:00:31	5.6	20.0	0	faible
05/16/1968	00:49:02	8.2	29.9	0	moderee
05/16/1968	01:04:56	6.0	25.0	769	faible
05/16/1968	06:36:52	5.8	30.0	769	faible
05/16/1968	08:58:14	6.1	29.3	44136	elevee
05/16/1968	10:39:02	7.9	25.0	43303	elevee
05/16/1968	16:13:46	6.5	25.0	0	faible
05/16/1968	18:43:22	5.7	59.3	640364	moderee
05/16/1968	19:16:48	6.1	43.3	39811	elevee
05/16/1968	19:45:07	5.7	20.0	0	faible
05/16/1968	20:22:16	6.1	37.1	88258	elevee
05/16/1968	23:04:58	6.5	43.0	0	faible
05/17/1968	10:42:47	6.1	27.8	0	faible
05/17/1968	16:02:24	6.3	20.0	0	faible
05/17/1968	18:17:09	6.1	34.9	0	faible
05/18/1968	01:02:28	5.8	15.0	0	faible
05/19/1968	04:12:38	6.3	20.0	0	faible
05/19/1968	22:16:49	6.1	37.4	0	faible
05/20/1968	03:16:20	5.9	15.0	0	faible
05/20/1968	07:13:09	7.0	55.0	0	moderee
05/20/1968	10:34:20	5.8	51.9	0	faible
05/20/1968	20:05:51	6.9	50.0	0	faible
05/20/1968	21:09:46	7.0	28.3	0	moderee
05/21/1968	00:19:35	5.9	35.0	0	faible
05/21/1968	04:11:26	5.6	30.0	769	faible
05/21/1968	08:20:02	6.3	31.3	0	faible
05/21/1968	11:00:46	5.8	30.0	0	faible
05/22/1968	10:51:55	6.0	45.1	51457	elevee
05/22/1968	19:29:28	6.0	48.5	413476	moderee
05/23/1968	17:24:18	7.2	20.0	4450975	moderee
05/24/1968	14:06:24	6.6	27.6	0	faible
05/24/1968	15:43:56	6.2	619.1	0	faible
05/24/1968	20:57:26	5.7	15.0	4458632	moderee
05/25/1968	11:52:58	6.1	31.8	0	faible
05/28/1968	09:06:31	5.9	30.0	0	faible
05/28/1968	13:27:19	7.5	45.0	0	moderee
05/28/1968	22:30:00	5.7	20.5	0	faible
05/30/1968	05:23:48	5.9	24.2	0	faible
05/30/1968	19:42:26	6.4	35.0	0	faible
06/01/1968	10:31:50	5.8	45.0	553273	moderee
06/02/1968	08:18:37	5.7	35.0	0	faible
06/03/1968	14:16:19	5.6	155.0	6378	elevee
06/07/1968	11:57:34	6.7	35.0	71537	elevee
06/07/1968	21:30:55	6.2	38.0	71537	elevee
06/08/1968	00:16:39	5.7	15.0	0	faible
06/08/1968	05:29:48	5.9	40.0	3800	elevee
06/08/1968	23:24:03	6.2	15.0	0	faible
06/10/1968	12:41:07	5.7	186.1	45	faible
06/12/1968	13:41:53	7.0	32.1	66195	elevee
06/12/1968	20:15:49	5.7	35.0	7406	elevee
06/12/1968	21:57:42	6.3	27.5	110032	elevee
06/13/1968	11:56:24	5.6	30.0	0	faible
06/13/1968	21:10:37	6.2	30.0	15826	elevee
06/14/1968	11:52:39	5.7	24.5	110032	elevee
06/14/1968	12:17:25	5.7	10.0	0	faible
06/15/1968	05:59:05	5.6	140.0	10450	elevee
06/15/1968	07:08:49	6.2	10.0	0	faible
06/15/1968	11:27:33	5.7	30.0	0	faible
06/16/1968	19:14:05	5.9	10.0	0	faible
06/17/1968	11:53:01	6.3	37.6	491	faible
06/17/1968	18:09:37	6.3	50.0	0	faible
06/17/1968	18:57:30	6.4	25.0	0	faible
06/19/1968	08:13:35	6.8	15.0	110040	elevee
06/19/1968	19:58:03	5.8	20.0	0	faible
06/20/1968	02:38:37	5.7	15.0	110040	elevee
06/21/1968	00:26:08	5.7	15.0	145066	moderee
06/22/1968	01:12:33	6.1	18.2	0	faible
06/25/1968	23:33:20	5.8	20.7	0	faible
06/26/1968	10:23:51	5.8	45.0	175733	moderee
06/26/1968	15:40:31	5.9	80.0	0	faible
07/01/1968	10:45:12	6.1	60.6	192254444	moderee
07/02/1968	03:44:52	6.4	57.9	1078047	moderee
07/02/1968	04:30:53	5.7	55.0	0	faible
07/02/1968	18:40:10	6.0	45.0	11633	elevee
07/05/1968	11:28:14	6.3	47.0	514551	moderee
07/06/1968	19:29:00	5.8	55.0	0	faible
07/10/1968	11:16:45	6.0	15.0	0	faible
07/10/1968	20:40:31	5.9	20.0	0	faible
07/12/1968	00:44:37	6.0	21.8	0	faible
07/12/1968	03:56:28	6.0	19.9	0	faible
07/17/1968	05:24:15	5.9	12.4	369026	moderee
07/19/1968	04:56:26	5.8	15.0	0	faible
07/21/1968	06:09:42	5.7	15.0	18000	elevee
07/22/1968	05:09:14	6.0	10.0	0	faible
07/22/1968	17:58:33	5.6	38.4	230	faible
07/23/1968	23:02:39	6.0	26.7	0	faible
07/25/1968	07:23:07	7.3	45.0	0	moderee
07/25/1968	10:50:33	5.8	17.3	6378	elevee
07/27/1968	10:51:32	5.7	15.0	0	faible
07/28/1968	21:12:40	6.1	23.6	615	faible
