Date,Time,Latitude,Longitude,Type,Depth,Depth Error,Depth Seismic Stations,Magnitude,Magnitude Type,Magnitude Error,Magnitude Seismic Stations,Azimuthal Gap,Horizontal Distance,Horizontal Error,Root Mean Square,population_impacted,geometry
01/02/1965,13:44:18,19.246,145.616,Earthquake,131.6,,,6.0,MW,,,,,,,0,POINT (145.616 19.246)
01/04/1965,11:29:49,1.863,127.352,Earthquake,80.0,,,5.8,MW,,,,,,,34100,POINT (127.352 1.863)
01/05/1965,18:05:58,-20.579,-173.972,Earthquake,20.0,,,6.2,MW,,,,,,,4798,POINT (-173.972 -20.579)
01/08/1965,18:49:43,-59.076,-23.557,Earthquake,15.0,,,5.8,MW,,,,,,,0,POINT (-23.557 -59.076)
01/09/1965,13:32:50,11.938,126.427,Earthquake,15.0,,,5.8,MW,,,,,,,4418,POINT (126.427 11.938)
01/10/1965,13:36:32,-13.405,166.629,Earthquake,35.0,,,6.7,MW,,,,,,,486,POINT (166.629 -13.405)
01/12/1965,13:32:25,27.357,87.867,Earthquake,20.0,,,5.9,MW,,,,,,,2247163,POINT (87.867 27.357)
01/15/1965,23:17:42,-13.309,166.212,Earthquake,35.0,,,6.0,MW,,,,,,,486,POINT (166.212 -13.309)
01/16/1965,11:32:37,-56.452,-27.043,Earthquake,95.0,,,6.0,MW,,,,,,,0,POINT (-27.043 -56.452)
01/17/1965,10:43:17,-24.563,178.487,Earthquake,565.0,,,5.8,MW,,,,,,,0,POINT (178.487 -24.563)
01/17/1965,20:57:41,-6.807,108.988,Earthquake,227.9,,,5.9,MW,,,,,,,1575300,POINT (108.988 -6.807)
01/24/1965,00:11:17,-2.608,125.952,Earthquake,20.0,,,8.2,MW,,,,,,,0,POINT (125.952 -2.608)
01/29/1965,09:35:30,54.636,161.703,Earthquake,55.0,,,5.5,MW,,,,,,,0,POINT (161.703 54.636)
02/01/1965,05:27:06,-18.697,-177.864,Earthquake,482.9,,,5.6,MW,,,,,,,0,POINT (-177.864 -18.697)
02/02/1965,15:56:51,37.523,73.251,Earthquake,15.0,,,6.0,MW,,,,,,,9110,POINT (73.251 37.523)
02/04/1965,03:25:00,-51.84,139.741,Earthquake,10.0,,,6.1,MW,,,,,,,0,POINT (139.741 -51.84)
02/04/1965,05:01:22,51.251,178.715,Earthquake,30.3,,,8.7,MW,,,,,,,0,POINT (178.715 51.251)
02/04/1965,06:04:59,51.639,175.055,Earthquake,30.0,,,6.0,MW,,,,,,,0,POINT (175.055 51.639)
02/04/1965,06:37:06,52.528,172.007,Earthquake,25.0,,,5.7,MW,,,,,,,0,POINT (172.007 52.528)
02/04/1965,06:39:32,51.626,175.746,Earthquake,25.0,,,5.8,MW,,,,,,,0,POINT (175.746 51.626)
02/04/1965,07:11:23,51.037,177.848,Earthquake,25.0,,,5.9,MW,,,,,,,0,POINT (177.848 51.037)
02/04/1965,07:14:59,51.73,173.975,Earthquake,20.0,,,5.9,MW,,,,,,,0,POINT (173.975 51.73)
02/04/1965,07:23:12,51.775,173.058,Earthquake,10.0,,,5.7,MW,,,,,,,0,POINT (173.058 51.775)
02/04/1965,07:43:43,52.611,172.588,Earthquake,24.0,,,5.7,MW,,,,,,,0,POINT (172.588 52.611)
02/04/1965,08:06:17,51.831,174.368,Earthquake,31.8,,,5.7,MW,,,,,,,0,POINT (174.368 51.831)
02/04/1965,08:33:41,51.948,173.969,Earthquake,20.0,,,5.6,MW,,,,,,,0,POINT (173.969 51.948)
02/04/1965,08:40:44,51.443,179.605,Earthquake,30.0,,,7.3,MW,,,,,,,0,POINT (179.605 51.443)
02/04/1965,12:06:08,52.773,171.974,Earthquake,30.0,,,6.5,MW,,,,,,,0,POINT (171.974 52.773)
02/04/1965,12:50:59,51.772,174.696,Earthquake,20.0,,,5.6,MW,,,,,,,0,POINT (174.696 51.772)
02/04/1965,14:18:29,52.975,171.091,Earthquake,25.0,,,6.4,MW,,,,,,,0,POINT (171.091 52.975)
02/04/1965,15:51:25,52.99,170.874,Earthquake,25.0,,,5.8,MW,,,,,,,0,POINT (170.874 52.99)
02/04/1965,18:34:12,51.536,175.045,Earthquake,25.0,,,5.8,MW,,,,,,,0,POINT (175.045 51.536)
02/04/1965,19:44:04,13.245,-44.922,Earthquake,10.0,,,5.8,MW,,,,,,,0,POINT (-44.922 13.245)
02/04/1965,22:30:03,51.812,174.206,Earthquake,10.0,,,5.7,MW,,,,,,,0,POINT (174.206 51.812)
02/05/1965,06:39:50,51.762,174.841,Earthquake,25.0,,,5.7,MW,,,,,,,0,POINT (174.841 51.762)
02/05/1965,09:32:11,52.438,174.321,Earthquake,39.5,,,6.3,MW,,,,,,,0,POINT (174.321 52.438)
02/05/1965,13:38:47,51.946,173.84,Earthquake,30.0,,,5.7,MW,,,,,,,0,POINT (173.84 51.946)
02/05/1965,20:47:12,51.738,174.566,Earthquake,20.0,,,6.0,MW,,,,,,,0,POINT (174.566 51.738)
02/05/1965,22:16:02,51.487,176.558,Earthquake,30.4,,,5.6,MW,,,,,,,0,POINT (176.558 51.487)
02/06/1965,01:40:32,53.008,-162.008,Earthquake,17.8,,,6.4,MW,,,,,,,0,POINT (-162.008 53.008)
02/06/1965,04:02:54,52.184,175.505,Earthquake,27.7,,,6.2,MW,,,,,,,0,POINT (175.505 52.184)
02/06/1965,07:14:45,52.076,172.918,Earthquake,30.1,,,5.6,MW,,,,,,,0,POINT (172.918 52.076)
02/06/1965,12:22:28,51.744,175.213,Earthquake,37.4,,,5.7,MW,,,,,,,0,POINT (175.213 51.744)
02/06/1965,14:11:11,52.057,174.116,Earthquake,17.5,,,5.7,MW,,,,,,,0,POINT (174.116 52.057)
02/06/1965,16:50:29,53.191,-161.859,Earthquake,22.5,,,6.3,MW,,,,,,,0,POINT (-161.859 53.191)
02/06/1965,18:10:30,51.447,176.469,Earthquake,25.2,,,5.8,MW,,,,,,,0,POINT (176.469 51.447)
02/07/1965,02:17:08,51.258,173.393,Earthquake,17.7,,,5.7,MW,,,,,,,0,POINT (173.393 51.258)
02/07/1965,04:11:22,52.031,175.411,Earthquake,25.0,,,5.7,MW,,,,,,,0,POINT (175.411 52.031)
02/07/1965,09:25:52,51.294,179.092,Earthquake,25.0,,,5.8,MW,,,,,,,0,POINT (179.092 51.294)
02/08/1965,15:46:52,55.223,165.426,Earthquake,32.5,,,5.9,MW,,,,,,,615,POINT (165.426 55.223)
02/09/1965,05:42:05,-18.718,169.386,Earthquake,200.0,,,5.6,MW,,,,,,,1030,POINT (169.386 -18.718)
02/09/1965,17:37:17,52.815,171.904,Earthquake,30.0,,,6.0,MW,,,,,,,0,POINT (171.904 52.815)
02/12/1965,00:55:10,52.188,172.752,Earthquake,25.0,,,5.8,MW,,,,,,,0,POINT (172.752 52.188)
02/15/1965,01:25:07,51.009,179.325,Earthquake,20.0,,,5.8,MW,,,,,,,0,POINT (179.325 51.009)
02/15/1965,10:43:29,3.026,125.951,Earthquake,100.0,,,5.9,MW,,,,,,,0,POINT (125.951 3.026)
02/16/1965,12:24:10,38.908,142.095,Earthquake,53.5,,,5.7,MW,,,,,,,1084305,POINT (142.095 38.908)
02/17/1965,10:18:51,51.694,176.446,Earthquake,30.0,,,5.7,MW,,,,,,,0,POINT (176.446 51.694)
02/17/1965,18:23:57,21.527,143.081,Earthquake,340.0,,,5.6,MW,,,,,,,0,POINT (143.081 21.527)
02/18/1965,04:26:37,25.011,94.186,Earthquake,55.0,,,5.6,MW,,,,,,,854026,POINT (94.186 25.011)
02/18/1965,22:39:48,-7.251,126.715,Earthquake,35.0,,,5.9,MW,,,,,,,0,POINT (126.715 -7.251)
02/18/1965,23:13:40,51.415,179.358,Earthquake,40.4,,,5.8,MW,,,,,,,0,POINT (179.358 51.415)
02/21/1965,11:14:18,-15.343,-172.889,Earthquake,35.0,,,5.8,MW,,,,,,,0,POINT (-172.889 -15.343)
02/23/1965,22:11:47,-25.633,-70.679,Earthquake,35.0,,,7.0,MW,,,,,,,23664,POINT (-70.679 -25.633)
02/25/1965,04:51:29,-5.461,151.98,Earthquake,40.0,,,6.2,MW,,,,,,,46321,POINT (151.98 -5.461)
02/25/1965,05:22:14,51.884,173.072,Earthquake,20.3,,,6.2,MW,,,,,,,0,POINT (173.072 51.884)
02/26/1965,23:36:14,6.746,-72.971,Earthquake,160.0,,,5.6,MW,,,,,,,4340448,POINT (-72.971 6.746)
02/27/1965,07:46:25,28.133,-112.208,Earthquake,10.0,,,6.0,MW,,,,,,,22605,POINT (-112.208 28.133)
03/01/1965,07:20:56,-5.377,152.115,Earthquake,30.0,,,5.9,MW,,,,,,,42644,POINT (152.115 -5.377)
03/01/1965,08:18:57,21.104,121.218,Earthquake,30.0,,,5.7,MW,,,,,,,25087,POINT (121.218 21.104)
03/01/1965,09:08:48,-5.371,152.055,Earthquake,40.0,,,5.5,MW,,,,,,,46321,POINT (152.055 -5.371)
03/01/1965,13:20:57,21.122,121.148,Earthquake,30.0,,,5.6,MW,,,,,,,25087,POINT (121.148 21.122)
03/01/1965,19:22:04,52.204,173.911,Earthquake,33.6,,,5.7,MW,,,,,,,0,POINT (173.911 52.204)
03/01/1965,21:32:14,15.404,-92.623,Earthquake,105.2,,,5.6,MW,,,,,,,924435,POINT (-92.623 15.404)
03/02/1965,22:00:05,38.399,28.226,Earthquake,10.0,,,5.8,MW,,,,,,,12576347,POINT (28.226 38.399)
03/03/1965,14:39:02,-27.145,-177.262,Earthquake,15.0,,,5.6,MW,,,,,,,0,POINT (-177.262 -27.145)
03/03/1965,15:14:08,-5.514,151.819,Earthquake,14.8,,,6.7,MW,,,,,,,62309,POINT (151.819 -5.514)
03/03/1965,16:47:28,53.046,171.308,Earthquake,25.7,,,6.3,MW,,,,,,,0,POINT (171.308 53.046)
03/04/1965,01:48:56,-5.487,146.993,Earthquake,200.0,,,5.7,MW,,,,,,,0,POINT (146.993 -5.487)
03/05/1965,06:15:04,50.928,179.511,Earthquake,30.0,,,5.5,MW,,,,,,,0,POINT (179.511 50.928)
03/05/1965,13:42:47,52.39,174.937,Earthquake,35.0,,,5.6,MW,,,,,,,0,POINT (174.937 52.39)
03/05/1965,14:32:18,-27.027,-63.214,Earthquake,560.8,,,5.8,MW,,,,,,,20774,POINT (-63.214 -27.027)
03/05/1965,17:59:16,52.416,174.239,Earthquake,35.0,,,5.6,MW,,,,,,,0,POINT (174.239 52.416)
03/06/1965,11:10:51,-18.425,-132.923,Earthquake,10.0,,,5.6,MW,,,,,,,0,POINT (-132.923 -18.425)
03/06/1965,20:23:57,20.13,121.461,Earthquake,45.0,,,5.8,MW,,,,,,,63743,POINT (121.461 20.13)
03/07/1965,01:43:11,-29.998,-177.968,Earthquake,50.0,,,6.0,MW,,,,,,,0,POINT (-177.968 -29.998)
03/09/1965,17:57:55,39.197,23.86,Earthquake,15.0,,,6.1,MW,,,,,,,393709,POINT (23.86 39.197)
03/13/1965,07:33:24,53.292,-162.331,Earthquake,20.0,,,5.7,MW,,,,,,,0,POINT (-162.331 53.292)
03/14/1965,15:53:07,36.405,70.724,Earthquake,207.8,,,7.4,MW,,,,,,,856847,POINT (70.724 36.405)
03/15/1965,02:02:09,22.635,121.117,Earthquake,15.0,,,5.8,MW,,,,,,,7219255,POINT (121.117 22.635)
03/16/1965,16:46:17,40.697,143.032,Earthquake,32.1,,,6.4,MW,,,,,,,0,POINT (143.032 40.697)
03/17/1965,14:27:15,52.785,171.821,Earthquake,25.0,,,6.0,MW,,,,,,,0,POINT (171.821 52.785)
03/18/1965,06:22:12,-20.036,-175.89,Earthquake,224.9,,,6.3,MW,,,,,,,104000,POINT (-175.89 -20.036)
03/18/1965,12:40:45,-55.857,-26.758,Earthquake,35.0,,,5.7,MW,,,,,,,0,POINT (-26.758 -55.857)
03/19/1965,16:20:53,-1.887,119.836,Earthquake,40.0,,,6.0,MW,,,,,,,61702,POINT (119.836 -1.887)
03/21/1965,11:08:19,-1.547,126.623,Earthquake,28.9,,,6.3,MW,,,,,,,0,POINT (126.623 -1.547)
03/22/1965,02:44:49,-15.262,-173.254,Earthquake,30.5,,,6.5,MW,,,,,,,759,POINT (-173.254 -15.262)
03/22/1965,22:56:27,-31.974,-71.573,Earthquake,48.8,,,6.2,MW,,,,,,,16913543,POINT (-71.573 -31.974)
03/23/1965,23:54:05,-15.382,-173.194,Earthquake,25.0,,,6.2,MW,,,,,,,759,POINT (-173.194 -15.382)
03/24/1965,22:42:12,8.418,126.553,Earthquake,55.0,,,5.7,MW,,,,,,,3082728,POINT (126.553 8.418)
03/28/1965,13:23:01,55.26,161.904,Earthquake,40.0,,,5.8,MW,,,,,,,0,POINT (161.904 55.26)
03/28/1965,16:33:16,-32.522,-71.233,Earthquake,70.0,,,7.4,MW,,,,,,,18583245,POINT (-71.233 -32.522)
03/29/1965,10:47:38,40.687,142.915,Earthquake,30.0,,,6.4,MW,,,,,,,0,POINT (142.915 40.687)
03/30/1965,00:21:00,-20.502,-173.701,Earthquake,20.0,,,5.9,MW,,,,,,,137,POINT (-173.701 -20.502)
03/30/1965,02:27:06,50.282,177.959,Earthquake,20.0,,,7.6,MW,,,,,,,0,POINT (177.959 50.282)
03/31/1965,09:47:31,38.365,22.405,Earthquake,75.0,,,6.8,MW,,,,,,,12388263,POINT (22.405 38.365)
04/01/1965,07:08:37,9.986,125.896,Earthquake,60.0,,,5.9,MW,,,,,,,2461099,POINT (125.896 9.986)
04/03/1965,11:20:43,15.8,-98.067,Earthquake,10.0,,,5.8,MW,,,,,,,89502,POINT (-98.067 15.8)
04/04/1965,13:30:39,51.865,175.172,Earthquake,30.7,,,5.7,MW,,,,,,,0,POINT (175.172 51.865)
04/04/1965,15:36:13,-27.088,-176.046,Earthquake,25.0,,,5.6,MW,,,,,,,0,POINT (-176.046 -27.088)
04/05/1965,03:12:53,37.505,22.067,Earthquake,20.0,,,6.1,MW,,,,,,,904778,POINT (22.067 37.505)
04/05/1965,13:52:12,44.812,150.871,Earthquake,39.2,,,5.7,MW,,,,,,,0,POINT (150.871 44.812)
04/06/1965,05:31:59,36.083,139.968,Earthquake,50.0,,,5.7,MW,,,,,,,192115717,POINT (139.968 36.083)
04/06/1965,09:42:29,-0.463,120.039,Earthquake,25.0,,,6.2,MW,,,,,,,335297,POINT (120.039 -0.463)
04/08/1965,13:43:54,52.192,173.437,Earthquake,25.0,,,6.1,MW,,,,,,,0,POINT (173.437 52.192)
04/09/1965,10:45:26,-32.707,-178.207,Earthquake,20.0,,,6.0,MW,,,,,,,0,POINT (-178.207 -32.707)
04/09/1965,23:57:06,35.047,24.318,Earthquake,65.0,,,6.2,MW,,,,,,,345269,POINT (24.318 35.047)
04/10/1965,14:46:51,-20.455,-173.621,Earthquake,17.5,,,5.7,MW,,,,,,,0,POINT (-173.621 -20.455)
04/10/1965,22:32:48,-17.857,-178.646,Earthquake,543.7,,,6.5,MW,,,,,,,0,POINT (-178.646 -17.857)
04/10/1965,22:53:05,-13.409,170.376,Earthquake,635.0,,,6.3,MW,,,,,,,0,POINT (170.376 -13.409)
04/11/1965,00:11:11,-42.692,174.205,Earthquake,20.0,,,5.9,MW,,,,,,,3194,POINT (174.205 -42.692)
04/11/1965,18:51:37,-26.168,178.628,Earthquake,570.0,,,5.7,MW,,,,,,,0,POINT (178.628 -26.168)
04/12/1965,20:41:17,30.317,138.702,Earthquake,421.7,,,5.6,MW,,,,,,,0,POINT (138.702 30.317)
04/15/1965,05:09:50,25.08,122.897,Earthquake,165.0,,,5.6,MW,,,,,,,14549,POINT (122.897 25.08)
04/16/1965,23:22:21,64.572,-160.375,Earthquake,15.0,,,6.0,MW,,,,,,,1797,POINT (-160.375 64.572)
04/18/1965,06:33:58,41.46,-127.416,Earthquake,10.0,,,5.9,MW,,,,,,,0,POINT (-127.416 41.46)
04/18/1965,09:39:19,-59.687,-26.454,Earthquake,25.0,,,6.1,MW,,,,,,,0,POINT (-26.454 -59.687)
04/18/1965,12:41:56,-59.586,-26.372,Earthquake,25.0,,,6.1,MW,,,,,,,0,POINT (-26.372 -59.586)
04/19/1965,23:42:00,34.848,138.332,Earthquake,35.0,,,6.0,MW,,,,,,,6500273,POINT (138.332 34.848)
04/24/1965,21:55:29,11.451,140.231,Earthquake,70.0,,,5.8,MW,,,,,,,0,POINT (140.231 11.451)
04/25/1965,01:00:15,24.409,142.776,Earthquake,30.0,,,6.0,MW,,,,,,,0,POINT (142.776 24.409)
04/26/1965,09:47:29,-1.733,126.568,Earthquake,25.0,,,5.7,MW,,,,,,,0,POINT (126.568 -1.733)
04/26/1965,20:29:07,54.157,-162.59,Earthquake,36.8,,,5.6,MW,,,,,,,57,POINT (-162.59 54.157)
04/26/1965,22:15:45,21.045,120.798,Earthquake,37.1,,,6.1,MW,,,,,,,0,POINT (120.798 21.045)
04/27/1965,10:54:24,-6.822,129.504,Earthquake,30.0,,,6.0,MW,,,,,,,0,POINT (129.504 -6.822)
04/27/1965,14:09:10,35.626,23.425,Earthquake,60.0,,,6.1,MW,,,,,,,116103,POINT (23.425 35.626)
04/27/1965,20:09:17,1.333,-85.075,Earthquake,15.0,,,5.8,MW,,,,,,,0,POINT (-85.075 1.333)
04/29/1965,15:28:45,47.288,-122.406,Earthquake,64.7,,,6.7,MW,,,,,,,3816644,POINT (-122.406 47.288)
04/29/1965,15:48:55,-5.548,110.332,Earthquake,480.0,,,6.0,MW,,,,,,,0,POINT (110.332 -5.548)
05/01/1965,21:27:54,60.35,-146.176,Earthquake,15.0,,,5.6,MW,,,,,,,6335,POINT (-146.176 60.35)
05/02/1965,07:13:45,28.927,128.769,Earthquake,22.5,,,5.8,MW,,,,,,,50448,POINT (128.769 28.927)
05/03/1965,01:09:34,-32.537,-70.569,Earthquake,90.0,,,5.8,MW,,,,,,,2824874,POINT (-70.569 -32.537)
05/03/1965,10:01:38,13.683,-89.07,Earthquake,15.0,,,5.9,MW,,,,,,,7024970,POINT (-89.07 13.683)
05/03/1965,16:09:09,-24.281,-67.927,Earthquake,110.0,,,5.7,MW,,,,,,,2063,POINT (-67.927 -24.281)
05/04/1965,08:34:43,41.801,79.414,Earthquake,10.0,,,6.2,MW,,,,,,,3135573,POINT (79.414 41.801)
05/12/1965,08:05:56,-3.523,137.924,Earthquake,50.0,,,5.7,MW,,,,,,,22278,POINT (137.924 -3.523)
05/12/1965,10:33:47,-6.174,130.358,Earthquake,153.1,,,6.1,MW,,,,,,,0,POINT (130.358 -6.174)
05/15/1965,23:58:36,-4.131,134.946,Earthquake,25.0,,,5.8,MW,,,,,,,0,POINT (134.946 -4.131)
05/16/1965,11:35:47,5.268,125.467,Earthquake,35.0,,,5.9,MW,,,,,,,2101955,POINT (125.467 5.268)
05/17/1965,17:19:33,22.336,121.248,Earthquake,68.4,,,6.7,MW,,,,,,,2154829,POINT (121.248 22.336)
05/19/1965,03:00:58,-8.938,159.083,Earthquake,35.0,,,5.6,MW,,,,,,,1122,POINT (159.083 -8.938)
05/19/1965,06:03:56,-6.575,105.311,Earthquake,35.0,,,5.6,MW,,,,,,,0,POINT (105.311 -6.575)
05/19/1965,13:59:55,-4.819,152.436,Earthquake,50.0,,,5.5,MW,,,,,,,106555,POINT (152.436 -4.819)
05/20/1965,00:40:27,-14.921,167.34,Earthquake,120.0,,,7.7,MW,,,,,,,14382,POINT (167.34 -14.921)
05/22/1965,03:05:46,1.309,126.239,Earthquake,35.0,,,5.7,MW,,,,,,,0,POINT (126.239 1.309)
05/22/1965,10:31:39,-21.126,-178.537,Earthquake,553.8,,,6.1,MW,,,,,,,0,POINT (-178.537 -21.126)
05/23/1965,23:46:15,52.149,175.119,Earthquake,28.5,,,6.0,MW,,,,,,,0,POINT (175.119 52.149)
05/24/1965,23:21:12,13.174,124.604,Earthquake,25.0,,,5.9,MW,,,,,,,4428970,POINT (124.604 13.174)
05/25/1965,13:07:51,51.227,178.882,Earthquake,30.1,,,5.8,MW,,,,,,,0,POINT (178.882 51.227)
05/26/1965,19:44:13,-55.957,-27.875,Earthquake,125.0,,,6.0,MW,,,,,,,0,POINT (-27.875 -55.957)
05/31/1965,11:38:42,-7.566,128.578,Earthquake,150.0,,,5.9,MW,,,,,,,0,POINT (128.578 -7.566)
06/02/1965,05:13:00,-23.54,-179.917,Earthquake,540.0,,,5.7,MW,,,,,,,0,POINT (-179.917 -23.54)
06/02/1965,23:40:23,15.674,-46.712,Earthquake,12.5,,,5.9,MW,,,,,,,0,POINT (-46.712 15.674)
06/05/1965,03:49:03,-1.649,126.552,Earthquake,20.0,,,5.6,MW,,,,,,,0,POINT (126.552 -1.649)
06/11/1965,02:37:35,51.884,174.015,Earthquake,20.0,,,5.6,MW,,,,,,,0,POINT (174.015 51.884)
06/11/1965,03:33:47,44.608,149.022,Earthquake,40.7,,,7.0,MW,,,,,,,0,POINT (149.022 44.608)
06/11/1965,03:34:04,44.578,148.699,Earthquake,58.0,,,7.2,MW,,,,,,,6378,POINT (148.699 44.578)
06/11/1965,07:11:04,44.133,149.255,Earthquake,31.6,,,5.5,MW,,,,,,,0,POINT (149.255 44.133)
06/11/1965,07:27:44,44.112,149.539,Earthquake,35.0,,,5.6,MW,,,,,,,0,POINT (149.539 44.112)
06/11/1965,08:41:01,44.299,149.032,Earthquake,32.6,,,5.7,MW,,,,,,,0,POINT (149.032 44.299)
06/12/1965,05:28:40,44.167,149.87,Earthquake,35.0,,,5.6,MW,,,,,,,0,POINT (149.87 44.167)
06/12/1965,05:40:58,43.775,149.448,Earthquake,38.0,,,5.7,MW,,,,,,,0,POINT (149.448 43.775)
06/12/1965,06:03:33,43.804,149.351,Earthquake,35.0,,,5.7,MW,,,,,,,0,POINT (149.351 43.804)
06/12/1965,18:45:44,43.885,149.339,Earthquake,35.0,,,5.5,MW,,,,,,,0,POINT (149.339 43.885)
06/12/1965,18:50:12,-20.38,-68.944,Earthquake,102.2,,,5.9,MW,,,,,,,314322,POINT (-68.944 -20.38)
06/13/1965,07:06:15,41.705,143.727,Earthquake,38.1,,,6.1,MW,,,,,,,50687,POINT (143.727 41.705)
06/13/1965,20:01:51,37.718,29.378,Earthquake,25.0,,,5.9,MW,,,,,,,2718470,POINT (29.378 37.718)
06/14/1965,07:30:42,-39.902,45.55,Earthquake,10.0,,,5.6,MW,,,,,,,0,POINT (45.55 -39.902)
06/15/1965,09:20:34,-38.08,177.442,Earthquake,95.0,,,5.9,MW,,,,,,,128196,POINT (177.442 -38.08)
06/15/1965,23:10:29,-21.025,173.574,Earthquake,25.0,,,6.2,MW,,,,,,,0,POINT (173.574 -21.025)
06/17/1965,20:14:51,32.052,87.784,Earthquake,10.0,,,5.9,MW,,,,,,,3900,POINT (87.784 32.052)
06/20/1965,01:57:26,44.505,149.218,Earthquake,45.0,,,5.6,MW,,,,,,,0,POINT (149.218 44.505)
06/20/1965,18:04:34,42.973,-126.652,Earthquake,10.0,,,5.5,MW,,,,,,,0,POINT (-126.652 42.973)
06/21/1965,00:21:17,28.134,55.891,Earthquake,25.0,,,5.9,MW,,,,,,,211431,POINT (55.891 28.134)
06/22/1965,23:48:07,7.175,123.613,Earthquake,40.0,,,6.3,MW,,,,,,,6490638,POINT (123.613 7.175)
06/23/1965,11:09:17,56.543,-152.948,Earthquake,20.0,,,6.5,MW,,,,,,,289,POINT (-152.948 56.543)
06/24/1965,07:45:13,7.034,126.25,Earthquake,30.0,,,5.8,MW,,,,,,,10119897,POINT (126.25 7.034)
06/27/1965,09:45:45,-54.437,4.965,Earthquake,10.0,,,5.7,MW,,,,,,,0,POINT (4.965 -54.437)
06/27/1965,11:08:59,60.281,-141.418,Earthquake,15.0,,,6.5,MW,,,,,,,0,POINT (-141.418 60.281)
06/27/1965,11:36:14,23.764,121.56,Earthquake,40.0,,,5.9,MW,,,,,,,25371346,POINT (121.56 23.764)
06/28/1965,03:33:35,-5.01,153.06,Earthquake,25.0,,,6.0,MW,,,,,,,0,POINT (153.06 -5.01)
06/30/1965,02:53:16,-1.734,126.53,Earthquake,30.0,,,5.8,MW,,,,,,,0,POINT (126.53 -1.734)
06/30/1965,08:33:33,51.813,176.53,Earthquake,44.6,,,5.7,MW,,,,,,,0,POINT (176.53 51.813)
07/01/1965,23:12:42,-63.159,-163.707,Earthquake,10.0,,,6.1,MW,,,,,,,0,POINT (-163.707 -63.159)
07/02/1965,20:58:40,52.99,-167.739,Earthquake,45.0,,,7.8,MW,,,,,,,0,POINT (-167.739 52.99)
07/03/1965,11:26:13,22.338,101.496,Earthquake,35.0,,,5.9,MW,,,,,,,4811708,POINT (101.496 22.338)
07/06/1965,03:04:21,-22.567,172.939,Earthquake,35.0,,,5.8,MW,,,,,,,0,POINT (172.939 -22.567)
07/06/1965,03:18:45,38.384,22.545,Earthquake,20.0,,,6.3,MW,,,,,,,12540010,POINT (22.545 38.384)
07/06/1965,04:08:49,46.591,152.467,Earthquake,45.0,,,5.6,MW,,,,,,,0,POINT (152.467 46.591)
07/06/1965,18:36:46,-4.408,155.062,Earthquake,490.0,,,6.3,MW,,,,,,,0,POINT (155.062 -4.408)
07/07/1965,23:00:00,-6.819,105.505,Earthquake,35.0,,,5.7,MW,,,,,,,0,POINT (105.505 -6.819)
07/12/1965,13:57:15,-28.428,-68.25,Earthquake,112.4,,,5.7,MW,,,,,,,35615,POINT (-68.25 -28.428)
07/15/1965,18:33:30,7.74,123.811,Earthquake,570.0,,,6.0,MW,,,,,,,10630797,POINT (123.811 7.74)
07/17/1965,07:20:34,-9.72,159.888,Earthquake,25.0,,,5.9,MW,,,,,,,55722,POINT (159.888 -9.72)
07/20/1965,13:18:28,7.56,124.247,Earthquake,24.6,,,5.7,MW,,,,,,,14022035,POINT (124.247 7.56)
07/21/1965,17:52:33,53.318,170.365,Earthquake,28.8,,,5.5,MW,,,,,,,0,POINT (170.365 53.318)
07/25/1965,03:40:43,1.813,99.276,Earthquake,105.0,,,5.5,MW,,,,,,,390680,POINT (99.276 1.813)
07/25/1965,13:33:04,41.278,146.682,Earthquake,15.0,,,5.6,MW,,,,,,,0,POINT (146.682 41.278)
07/25/1965,21:46:45,51.472,175.894,Earthquake,20.1,,,5.7,MW,,,,,,,0,POINT (175.894 51.472)
07/28/1965,22:29:09,-2.335,101.767,Earthquake,140.0,,,5.6,MW,,,,,,,84624,POINT (101.767 -2.335)
07/29/1965,08:29:24,51.05,-171.289,Earthquake,21.4,,,6.8,MW,,,,,,,0,POINT (-171.289 51.05)
07/29/1965,12:20:21,50.799,-171.607,Earthquake,15.0,,,5.7,MW,,,,,,,0,POINT (-171.607 50.799)
07/29/1965,15:08:37,51.076,-171.466,Earthquake,20.0,,,5.6,MW,,,,,,,0,POINT (-171.466 51.076)
07/30/1965,07:20:10,6.789,-72.907,Earthquake,160.0,,,5.6,MW,,,,,,,4340448,POINT (-72.907 6.789)
08/01/1965,23:44:29,-32.441,-178.803,Earthquake,45.0,,,5.9,MW,,,,,,,0,POINT (-178.803 -32.441)
08/02/1965,13:19:57,-56.046,157.922,Earthquake,10.0,,,7.3,MW,,,,,,,0,POINT (157.922 -56.046)
08/03/1965,02:01:53,-7.526,-81.179,Earthquake,26.3,,,5.7,MW,,,,,,,0,POINT (-81.179 -7.526)
08/05/1965,00:07:52,-5.213,151.701,Earthquake,60.0,,,6.5,MW,,,,,,,62309,POINT (151.701 -5.213)
08/11/1965,03:40:58,-15.449,166.98,Earthquake,25.0,,,7.2,MW,,,,,,,15480,POINT (166.98 -15.449)
08/11/1965,07:18:47,-15.67,167.216,Earthquake,30.0,,,5.8,MW,,,,,,,15580,POINT (167.216 -15.67)
08/11/1965,19:52:32,-15.685,167.097,Earthquake,30.0,,,6.9,MW,,,,,,,15580,POINT (167.097 -15.685)
08/11/1965,20:13:58,-15.741,167.26,Earthquake,30.0,,,6.0,MW,,,,,,,15680,POINT (167.26 -15.741)
08/11/1965,22:31:51,-15.861,167.092,Earthquake,30.0,,,7.6,MW,,,,,,,15530,POINT (167.092 -15.861)
08/12/1965,08:01:46,-15.817,167.399,Earthquake,30.0,,,6.9,MW,,,,,,,15660,POINT (167.399 -15.817)
08/12/1965,12:57:15,-5.36,152.116,Earthquake,51.0,,,6.8,MW,,,,,,,42644,POINT (152.116 -5.36)
08/12/1965,18:04:56,-15.931,167.392,Earthquake,35.0,,,5.9,MW,,,,,,,15329,POINT (167.392 -15.931)
08/13/1965,04:40:57,-15.97,167.439,Earthquake,30.0,,,5.8,MW,,,,,,,230743,POINT (167.439 -15.97)
08/13/1965,11:24:53,-15.995,166.96,Earthquake,25.0,,,6.1,MW,,,,,,,15332,POINT (166.96 -15.995)
08/13/1965,12:40:10,-15.871,166.96,Earthquake,25.0,,,7.4,MW,,,,,,,15510,POINT (166.96 -15.871)
08/13/1965,12:40:32,-16.198,167.607,Earthquake,35.0,,,7.2,MW,,,,,,,231006,POINT (167.607 -16.198)
08/13/1965,17:56:30,-16.801,167.602,Earthquake,35.0,,,6.2,MW,,,,,,,216952,POINT (167.602 -16.801)
08/13/1965,21:57:38,-6.38,148.543,Earthquake,30.0,,,6.0,MW,,,,,,,44419,POINT (148.543 -6.38)
08/14/1965,11:07:47,-15.819,166.794,Earthquake,20.0,,,6.0,MW,,,,,,,15530,POINT (166.794 -15.819)
08/14/1965,13:18:06,-11.385,166.332,Earthquake,35.0,,,5.7,MW,,,,,,,2978,POINT (166.332 -11.385)
08/16/1965,12:36:22,-0.53,-19.951,Earthquake,15.0,,,6.2,MW,,,,,,,0,POINT (-19.951 -0.53)
08/17/1965,10:35:10,4.872,95.836,Earthquake,65.0,,,6.1,MW,,,,,,,261118,POINT (95.836 4.872)
08/17/1965,16:17:45,-15.185,166.67,Earthquake,30.0,,,5.8,MW,,,,,,,13732,POINT (166.67 -15.185)
08/18/1965,14:51:34,-15.945,166.999,Earthquake,25.0,,,6.2,MW,,,,,,,15430,POINT (166.999 -15.945)
08/20/1965,05:54:51,-5.714,128.493,Earthquake,330.0,,,6.7,MW,,,,,,,0,POINT (128.493 -5.714)
08/20/1965,09:42:50,-18.954,-68.82,Earthquake,124.0,,,6.7,MW,,,,,,,30473,POINT (-68.82 -18.954)
08/20/1965,21:21:52,-22.887,-176.194,Earthquake,75.0,,,6.1,MW,,,,,,,0,POINT (-176.194 -22.887)
08/21/1965,15:04:20,-5.921,103.993,Earthquake,45.0,,,5.6,MW,,,,,,,38622,POINT (103.993 -5.921)
08/23/1965,14:08:58,40.459,26.206,Earthquake,15.0,,,6.0,MW,,,,,,,808871,POINT (26.206 40.459)
08/23/1965,19:46:04,16.081,-95.867,Earthquake,25.0,,,7.4,MW,,,,,,,370152,POINT (-95.867 16.081)
08/24/1965,01:01:00,15.837,-96.235,Earthquake,25.0,,,5.8,MW,,,,,,,133773,POINT (-96.235 15.837)
08/27/1965,18:22:03,44.453,149.06,Earthquake,30.0,,,5.7,MW,,,,,,,0,POINT (149.06 44.453)
08/30/1965,03:32:08,-16.931,167.454,Earthquake,30.0,,,5.8,MW,,,,,,,216150,POINT (167.454 -16.931)
08/30/1965,18:09:44,-6.428,104.667,Earthquake,55.0,,,5.7,MW,,,,,,,0,POINT (104.667 -6.428)
09/01/1965,04:47:33,-34.596,179.922,Earthquake,100.0,,,5.8,MW,,,,,,,0,POINT (179.922 -34.596)
09/02/1965,04:26:39,51.867,175.451,Earthquake,31.0,,,5.5,MW,,,,,,,0,POINT (175.451 51.867)
09/04/1965,10:19:51,46.515,153.387,Earthquake,15.0,,,5.9,MW,,,,,,,0,POINT (153.387 46.515)
09/04/1965,14:32:51,58.09,-152.525,Earthquake,27.8,,,7.0,MW,,,,,,,6538,POINT (-152.525 58.09)
09/08/1965,03:26:22,57.513,-152.263,Earthquake,25.0,,,5.7,MW,,,,,,,6754,POINT (-152.263 57.513)
09/09/1965,10:02:26,6.47,-84.408,Earthquake,15.0,,,6.2,MW,,,,,,,0,POINT (-84.408 6.47)
09/11/1965,06:53:01,-5.349,152.955,Earthquake,44.6,,,6.2,MW,,,,,,,0,POINT (152.955 -5.349)
09/12/1965,08:40:10,-6.209,151.651,Earthquake,15.0,,,6.1,MW,,,,,,,38966,POINT (151.651 -6.209)
09/12/1965,22:02:35,-6.416,70.726,Earthquake,25.0,,,6.3,MW,,,,,,,0,POINT (70.726 -6.416)
09/13/1965,13:07:51,55.338,165.731,Earthquake,18.9,,,5.9,MW,,,,,,,615,POINT (165.731 55.338)
09/13/1965,16:15:45,-36.448,-97.6,Earthquake,15.0,,,6.1,MW,,,,,,,0,POINT (-97.6 -36.448)
09/14/1965,08:27:18,8.382,126.895,Earthquake,35.0,,,5.8,MW,,,,,,,1308291,POINT (126.895 8.382)
09/16/1965,13:50:12,7.156,126.522,Earthquake,160.0,,,6.0,MW,,,,,,,4564341,POINT (126.522 7.156)
09/17/1965,11:13:57,-1.443,-77.476,Earthquake,185.9,,,6.5,MW,,,,,,,38224,POINT (-77.476 -1.443)
09/17/1965,14:22:38,36.269,141.533,Earthquake,35.0,,,5.8,MW,,,,,,,1228179,POINT (141.533 36.269)
09/17/1965,15:18:36,36.245,141.53,Earthquake,35.0,,,5.9,MW,,,,,,,1291924,POINT (141.53 36.245)
09/17/1965,16:21:20,36.27,141.361,Earthquake,35.0,,,6.8,MW,,,,,,,2043665,POINT (141.361 36.27)
09/18/1965,22:03:12,8.188,126.874,Earthquake,25.0,,,6.0,MW,,,,,,,805873,POINT (126.874 8.188)
09/21/1965,01:38:31,28.952,128.227,Earthquake,197.6,,,6.7,MW,,,,,,,0,POINT (128.227 28.952)
09/22/1965,04:24:50,20.682,99.326,Earthquake,35.0,,,5.9,MW,,,,,,,108334,POINT (99.326 20.682)
09/22/1965,20:01:50,-5.391,151.631,Earthquake,55.0,,,5.9,MW,,,,,,,62309,POINT (151.631 -5.391)
09/22/1965,22:08:01,36.395,141.46,Earthquake,35.0,,,6.3,MW,,,,,,,1635763,POINT (141.46 36.395)
09/24/1965,23:53:43,13.092,145.167,Earthquake,45.0,,,5.6,MW,,,,,,,231370,POINT (145.167 13.092)
09/25/1965,14:53:34,39.626,143.357,Earthquake,27.5,,,5.7,MW,,,,,,,0,POINT (143.357 39.626)
09/26/1965,21:33:52,-54.757,-38.244,Earthquake,10.0,,,5.8,MW,,,,,,,4,POINT (-38.244 -54.757)
09/27/1965,05:09:13,51.752,175.5,Earthquake,35.0,,,5.6,MW,,,,,,,0,POINT (175.5 51.752)
09/28/1965,05:06:40,-28.278,-177.999,Earthquake,25.0,,,6.5,MW,,,,,,,0,POINT (-177.999 -28.278)
09/30/1965,23:47:42,59.28,-144.06,Earthquake,20.0,,,6.1,MW,,,,,,,0,POINT (-144.06 59.28)
10/01/1965,08:52:06,49.937,178.166,Earthquake,19.7,,,6.8,MW,,,,,,,0,POINT (178.166 49.937)
10/01/1965,13:22:29,-19.921,174.48,Earthquake,545.5,,,6.2,MW,,,,,,,0,POINT (174.48 -19.921)
10/01/1965,22:34:23,-60.468,-24.551,Earthquake,10.0,,,6.0,MW,,,,,,,0,POINT (-24.551 -60.468)
10/03/1965,14:45:31,49.426,156.417,Earthquake,50.0,,,5.9,MW,,,,,,,0,POINT (156.417 49.426)
10/03/1965,16:14:57,-42.969,-75.225,Earthquake,22.2,,,5.9,MW,,,,,,,768,POINT (-75.225 -42.969)
10/07/1965,03:36:02,12.347,114.485,Earthquake,20.0,,,5.9,MW,,,,,,,0,POINT (114.485 12.347)
10/10/1965,17:25:41,-59.225,-25.091,Earthquake,20.0,,,5.8,MW,,,,,,,0,POINT (-25.091 -59.225)
10/12/1965,13:41:01,56.19,-153.615,Earthquake,25.0,,,5.6,MW,,,,,,,73,POINT (-153.615 56.19)
10/16/1965,08:22:55,3.113,128.558,Earthquake,192.4,,,5.7,MW,,,,,,,1938,POINT (128.558 3.113)
10/17/1965,01:53:35,-7.981,156.287,Earthquake,15.0,,,5.7,MW,,,,,,,0,POINT (156.287 -7.981)
10/18/1965,21:50:07,-1.28,127.725,Earthquake,25.0,,,6.3,MW,,,,,,,0,POINT (127.725 -1.28)
10/19/1965,20:48:49,52.366,174.254,Earthquake,35.0,,,6.1,MW,,,,,,,0,POINT (174.254 52.366)
10/23/1965,06:00:54,53.901,-165.403,Earthquake,45.0,,,5.6,MW,,,,,,,6080,POINT (-165.403 53.901)
10/24/1965,14:32:11,4.203,125.787,Earthquake,145.1,,,5.9,MW,,,,,,,0,POINT (125.787 4.203)
10/24/1965,18:15:10,49.646,156.116,Earthquake,60.0,,,5.6,MW,,,,,,,0,POINT (156.116 49.646)
10/25/1965,22:34:24,44.12,145.389,Earthquake,170.0,,,6.7,MW,,,,,,,144526,POINT (145.389 44.12)
10/28/1965,08:58:27,-1.257,127.735,Earthquake,25.0,,,5.6,MW,,,,,,,0,POINT (127.735 -1.257)
11/03/1965,01:39:04,-9.031,-71.139,Earthquake,593.8,,,6.7,MW,,,,,,,17101,POINT (-71.139 -9.031)
11/03/1965,18:21:08,-22.457,-113.788,Earthquake,15.0,,,6.1,MW,,,,,,,0,POINT (-113.788 -22.457)
11/05/1965,19:01:04,-3.144,143.789,Earthquake,15.0,,,5.9,MW,,,,,,,104887,POINT (143.789 -3.144)
11/06/1965,09:21:47,-22.126,-113.928,Earthquake,15.0,,,6.2,MW,,,,,,,0,POINT (-113.928 -22.126)
11/12/1965,17:52:24,30.628,140.23,Earthquake,20.0,,,6.4,MW,,,,,,,0,POINT (140.23 30.628)
11/13/1965,04:33:52,43.745,87.843,Earthquake,35.0,,,6.5,MW,,,,,,,9776754,POINT (87.843 43.745)
11/13/1965,17:59:43,-29.414,-68.166,Earthquake,45.0,,,5.7,MW,,,,,,,75370,POINT (-68.166 -29.414)
11/14/1965,05:54:13,36.514,141.229,Earthquake,40.0,,,5.7,MW,,,,,,,2097313,POINT (141.229 36.514)
11/15/1965,11:18:50,-0.224,-18.645,Earthquake,10.0,,,6.1,MW,,,,,,,0,POINT (-18.645 -0.224)
11/16/1965,06:45:59,6.553,126.903,Earthquake,110.0,,,5.9,MW,,,,,,,1082357,POINT (126.903 6.553)
11/16/1965,15:24:44,30.887,-41.479,Earthquake,10.0,,,6.0,MW,,,,,,,0,POINT (-41.479 30.887)
11/16/1965,17:05:41,25.449,125.319,Earthquake,94.7,,,5.7,MW,,,,,,,52931,POINT (125.319 25.449)
11/18/1965,17:17:20,-7.058,129.347,Earthquake,160.0,,,5.6,MW,,,,,,,0,POINT (129.347 -7.058)
11/18/1965,20:00:21,-18.855,-177.721,Earthquake,430.0,,,6.5,MW,,,,,,,0,POINT (-177.721 -18.855)
11/18/1965,21:58:19,53.909,160.579,Earthquake,45.0,,,6.0,MW,,,,,,,0,POINT (160.579 53.909)
11/20/1965,15:05:42,-7.225,129.12,Earthquake,147.9,,,5.8,MW,,,,,,,0,POINT (129.12 -7.225)
11/21/1965,10:31:55,-6.193,130.402,Earthquake,133.3,,,6.5,MW,,,,,,,0,POINT (130.402 -6.193)
11/22/1965,14:00:30,51.936,-176.092,Earthquake,55.0,,,5.7,MW,,,,,,,171,POINT (-176.092 51.936)
11/22/1965,20:25:31,51.361,-179.716,Earthquake,25.0,,,5.9,MW,,,,,,,0,POINT (-179.716 51.361)
11/23/1965,01:17:30,2.983,124.831,Earthquake,20.0,,,6.2,MW,,,,,,,0,POINT (124.831 2.983)
11/23/1965,02:17:50,51.42,-179.7,Earthquake,30.0,,,5.6,MW,,,,,,,0,POINT (-179.7 51.42)
11/23/1965,16:31:06,-8.666,111.103,Earthquake,55.0,,,5.8,MW,,,,,,,51812,POINT (111.103 -8.666)
11/27/1965,08:42:24,33.011,141.079,Earthquake,60.0,,,5.6,MW,,,,,,,0,POINT (141.079 33.011)
11/27/1965,12:01:56,-9.611,159.797,Earthquake,70.0,,,5.8,MW,,,,,,,55722,POINT (159.797 -9.611)
11/28/1965,03:56:46,-45.847,-72.958,Earthquake,25.0,,,6.2,MW,,,,,,,179899,POINT (-72.958 -45.847)
11/28/1965,05:26:06,36.096,27.318,Earthquake,77.4,,,5.9,MW,,,,,,,171032,POINT (27.318 36.096)
11/28/1965,21:31:45,-4.841,103.103,Earthquake,60.0,,,5.8,MW,,,,,,,133862,POINT (103.103 -4.841)
12/04/1965,02:11:50,51.101,-170.604,Earthquake,15.0,,,5.8,MW,,,,,,,0,POINT (-170.604 51.101)
12/05/1965,18:14:52,52.612,173.14,Earthquake,35.0,,,5.6,MW,,,,,,,0,POINT (173.14 52.612)
12/06/1965,11:34:55,18.919,-107.176,Earthquake,25.0,,,6.7,MW,,,,,,,0,POINT (-107.176 18.919)
12/07/1965,22:19:17,-6.458,146.298,Earthquake,122.5,,,6.3,MW,,,,,,,266538,POINT (146.298 -6.458)
12/08/1965,18:05:27,-37.199,177.558,Earthquake,175.0,,,6.0,MW,,,,,,,27983,POINT (177.558 -37.199)
12/09/1965,06:07:47,17.135,-100.126,Earthquake,35.0,,,6.4,MW,,,,,,,1032296,POINT (-100.126 17.135)
12/09/1965,13:12:56,-18.108,-178.062,Earthquake,645.0,,,6.2,MW,,,,,,,0,POINT (-178.062 -18.108)
12/10/1965,21:53:19,-11.292,166.143,Earthquake,52.8,,,5.9,MW,,,,,,,2978,POINT (166.143 -11.292)
12/13/1965,10:52:11,44.688,149.939,Earthquake,29.2,,,6.0,MW,,,,,,,0,POINT (149.939 44.688)
12/13/1965,14:46:12,44.757,150.195,Earthquake,23.1,,,5.6,MW,,,,,,,0,POINT (150.195 44.757)
12/15/1965,19:19:49,-56.722,-141.439,Earthquake,15.0,,,5.8,MW,,,,,,,0,POINT (-141.439 -56.722)
12/15/1965,23:05:25,7.65,-81.913,Earthquake,25.0,,,6.3,MW,,,,,,,106113,POINT (-81.913 7.65)
12/22/1965,00:28:51,52.293,160.356,Earthquake,26.9,,,5.8,MW,,,,,,,0,POINT (160.356 52.293)
12/22/1965,19:41:24,58.335,-153.303,Earthquake,52.4,,,6.1,MW,,,,,,,6572,POINT (-153.303 58.335)
12/23/1965,20:47:38,60.481,-140.766,Earthquake,20.1,,,5.6,MW,,,,,,,0,POINT (-140.766 60.481)
12/25/1965,02:57:59,-18.096,-178.979,Earthquake,621.8,,,6.2,MW,,,,,,,0,POINT (-178.979 -18.096)
12/26/1965,03:53:12,-5.201,151.583,Earthquake,80.1,,,5.9,MW,,,,,,,62309,POINT (151.583 -5.201)
12/28/1965,20:32:27,27.863,141.992,Earthquake,45.0,,,5.8,MW,,,,,,,3022,POINT (141.992 27.863)
12/30/1965,02:06:35,54.21,-164.476,Earthquake,35.0,,,5.6,MW,,,,,,,1646,POINT (-164.476 54.21)
12/30/1965,06:16:04,-16.673,-71.111,Earthquake,100.0,,,5.8,MW,,,,,,,1485299,POINT (-71.111 -16.673)
01/05/1966,17:21:29,13.248,95.42,Earthquake,25.0,,,5.8,MW,,,,,,,0,POINT (95.42 13.248)
01/11/1966,03:10:54,0.586,120.141,Earthquake,35.0,,,5.9,MW,,,,,,,0,POINT (120.141 0.586)
01/11/1966,14:16:32,33.675,137.244,Earthquake,15.0,,,6.0,MW,,,,,,,80105,POINT (137.244 33.675)
01/13/1966,10:41:14,52.829,172.048,Earthquake,22.5,,,5.7,MW,,,,,,,0,POINT (172.048 52.829)
01/16/1966,09:11:51,52.764,172.058,Earthquake,22.5,,,5.8,MW,,,,,,,0,POINT (172.058 52.764)
01/20/1966,01:44:47,37.883,138.151,Earthquake,10.0,,,5.8,MW,,,,,,,2782761,POINT (138.151 37.883)
01/22/1966,14:27:09,55.956,-153.942,Earthquake,20.0,,,6.2,MW,,,,,,,0,POINT (-153.942 55.956)
01/24/1966,07:23:10,30.013,69.606,Earthquake,10.0,,,5.8,MW,,,,,,,1587618,POINT (69.606 30.013)
01/26/1966,01:00:14,-59.548,-26.465,Earthquake,60.0,,,5.6,MW,,,,,,,0,POINT (-26.465 -59.548)
01/28/1966,05:42:17,-17.114,168.559,Earthquake,10.0,,,6.0,MW,,,,,,,260091,POINT (168.559 -17.114)
01/28/1966,22:38:14,51.514,157.119,Earthquake,115.6,,,5.6,MW,,,,,,,2183,POINT (157.119 51.514)
01/31/1966,14:01:24,-24.837,-64.413,Earthquake,25.0,,,5.7,MW,,,,,,,324077,POINT (-64.413 -24.837)
02/03/1966,05:48:11,0.211,123.555,Earthquake,158.6,,,5.7,MW,,,,,,,1471661,POINT (123.555 0.211)
02/03/1966,11:58:36,16.709,119.973,Earthquake,61.1,,,5.7,MW,,,,,,,1414595974,POINT (119.973 16.709)
02/03/1966,17:57:42,24.13,121.966,Earthquake,25.0,,,5.8,MW,,,,,,,808092,POINT (121.966 24.13)
02/04/1966,10:39:12,-15.899,167.914,Earthquake,180.0,,,6.4,MW,,,,,,,231656,POINT (167.914 -15.899)
02/05/1966,02:01:45,39.093,21.777,Earthquake,10.0,,,6.2,MW,,,,,,,12622538,POINT (21.777 39.093)
02/05/1966,15:12:31,26.246,103.187,Earthquake,10.0,,,6.4,MW,,,,,,,797600,POINT (103.187 26.246)
02/05/1966,16:16:05,50.023,155.506,Earthquake,119.4,,,5.9,MW,,,,,,,2507,POINT (155.506 50.023)
02/07/1966,04:26:13,29.956,69.761,Earthquake,10.0,,,6.5,MW,,,,,,,887618,POINT (69.761 29.956)
02/07/1966,23:06:36,30.276,70.041,Earthquake,10.0,,,6.5,MW,,,,,,,1171111,POINT (70.041 30.276)
02/09/1966,04:40:32,-56.79,-25.965,Earthquake,40.0,,,6.3,MW,,,,,,,0,POINT (-25.965 -56.79)
02/09/1966,07:18:50,-9.851,116.376,Earthquake,45.0,,,5.8,MW,,,,,,,0,POINT (116.376 -9.851)
02/10/1966,05:29:15,31.193,142.001,Earthquake,35.0,,,5.8,MW,,,,,,,0,POINT (142.001 31.193)
02/10/1966,14:21:13,20.711,146.163,Earthquake,45.7,,,6.5,MW,,,,,,,0,POINT (146.163 20.711)
02/13/1966,06:36:01,-6.561,132.642,Earthquake,35.0,,,6.0,MW,,,,,,,400,POINT (132.642 -6.561)
02/13/1966,10:44:40,26.12,103.222,Earthquake,10.0,,,5.9,MW,,,,,,,6806800,POINT (103.222 26.12)
02/16/1966,03:18:29,-17.67,168.021,Earthquake,35.0,,,6.6,MW,,,,,,,44139,POINT (168.021 -17.67)
02/17/1966,11:48:00,-32.265,78.866,Earthquake,15.0,,,6.6,MW,,,,,,,0,POINT (78.866 -32.265)
02/17/1966,12:42:59,-32.233,78.999,Earthquake,15.0,,,5.7,MW,,,,,,,0,POINT (78.999 -32.233)
02/18/1966,06:59:04,6.709,123.842,Earthquake,35.0,,,5.9,MW,,,,,,,5451359,POINT (123.842 6.709)
02/21/1966,00:22:29,-55.495,-27.079,Earthquake,15.0,,,6.0,MW,,,,,,,0,POINT (-27.079 -55.495)
02/21/1966,13:18:50,26.14,125.744,Earthquake,120.0,,,5.6,MW,,,,,,,0,POINT (125.744 26.14)
02/22/1966,05:02:39,-5.388,151.592,Earthquake,35.0,,,6.9,MW,,,,,,,62309,POINT (151.592 -5.388)
02/25/1966,22:50:48,-15.404,-172.843,Earthquake,20.0,,,6.0,MW,,,,,,,0,POINT (-172.843 -15.404)
02/26/1966,00:33:50,52.55,173.462,Earthquake,35.0,,,5.6,MW,,,,,,,0,POINT (173.462 52.55)
02/28/1966,02:02:13,43.691,139.738,Earthquake,217.6,,,5.6,MW,,,,,,,8078,POINT (139.738 43.691)
02/28/1966,13:35:42,29.244,130.344,Earthquake,45.0,,,6.0,MW,,,,,,,756,POINT (130.344 29.244)
02/28/1966,21:38:54,-25.983,-70.328,Earthquake,64.7,,,5.7,MW,,,,,,,37244,POINT (-70.328 -25.983)
03/03/1966,03:25:29,48.256,154.425,Earthquake,45.8,,,5.8,MW,,,,,,,0,POINT (154.425 48.256)
03/04/1966,23:58:56,-38.747,178.061,Earthquake,30.0,,,5.9,MW,,,,,,,82526,POINT (178.061 -38.747)
03/06/1966,02:10:56,31.525,80.487,Earthquake,20.0,,,6.7,MW,,,,,,,8454,POINT (80.487 31.525)
03/06/1966,02:15:56,31.422,80.554,Earthquake,20.0,,,6.3,MW,,,,,,,8454,POINT (80.554 31.422)
03/07/1966,21:29:19,37.156,114.875,Earthquake,25.0,,,6.5,MW,,,,,,,21447590,POINT (114.875 37.156)
03/08/1966,01:13:43,-13.696,166.555,Earthquake,35.0,,,6.2,MW,,,,,,,1286,POINT (166.555 -13.696)
03/08/1966,05:41:06,1.903,126.334,Earthquake,35.0,,,6.2,MW,,,,,,,0,POINT (126.334 1.903)
03/08/1966,06:00:07,1.742,126.337,Earthquake,35.0,,,5.6,MW,,,,,,,0,POINT (126.337 1.742)
03/08/1966,20:46:12,-19.991,-68.842,Earthquake,108.6,,,5.8,MW,,,,,,,309008,POINT (-68.842 -19.991)
03/12/1966,16:31:20,24.122,122.583,Earthquake,30.0,,,7.5,MW,,,,,,,137671,POINT (122.583 24.122)
03/17/1966,15:50:33,-21.149,-179.093,Earthquake,625.0,,,6.7,MW,,,,,,,0,POINT (-179.093 -21.149)
03/19/1966,17:16:39,-52.655,19.709,Earthquake,10.0,,,5.6,MW,,,,,,,0,POINT (19.709 -52.655)
03/20/1966,01:42:53,0.622,29.863,Earthquake,29.3,,,6.6,MW,,,,,,,157043,POINT (29.863 0.622)
03/20/1966,09:04:25,-21.176,-174.429,Earthquake,25.0,,,5.6,MW,,,,,,,105325,POINT (-174.429 -21.176)
03/22/1966,08:11:37,37.535,115.039,Earthquake,20.0,,,6.2,MW,,,,,,,22089563,POINT (115.039 37.535)
03/22/1966,08:19:36,37.545,115.061,Earthquake,20.0,,,6.8,MW,,,,,,,22089563,POINT (115.061 37.545)
03/23/1966,00:04:36,23.973,122.938,Earthquake,49.5,,,6.2,MW,,,,,,,1843,POINT (122.938 23.973)
03/24/1966,08:27:51,-13.626,166.829,Earthquake,30.0,,,5.9,MW,,,,,,,1286,POINT (166.829 -13.626)
03/26/1966,15:19:04,37.714,115.275,Earthquake,20.0,,,6.0,MW,,,,,,,28243041,POINT (115.275 37.714)
03/26/1966,18:14:22,37.798,115.096,Earthquake,20.0,,,5.9,MW,,,,,,,21603163,POINT (115.096 37.798)
03/27/1966,18:53:41,8.865,-83.467,Earthquake,25.0,,,5.7,MW,,,,,,,405383,POINT (-83.467 8.865)
03/29/1966,02:17:40,23.869,142.248,Earthquake,80.0,,,6.0,MW,,,,,,,0,POINT (142.248 23.869)
03/29/1966,06:12:00,37.464,115.127,Earthquake,20.0,,,6.0,MW,,,,,,,22030663,POINT (115.127 37.464)
04/03/1966,04:43:39,36.617,141.121,Earthquake,48.5,,,5.7,MW,,,,,,,2360738,POINT (141.121 36.617)
04/04/1966,06:42:13,12.01,92.483,Earthquake,10.0,,,5.8,MW,,,,,,,108500,POINT (92.483 12.01)
04/06/1966,02:59:01,-45.685,96.003,Earthquake,10.0,,,6.3,MW,,,,,,,0,POINT (96.003 -45.685)
04/06/1966,22:28:38,56.382,-154.604,Earthquake,26.2,,,5.6,MW,,,,,,,73,POINT (-154.604 56.382)
04/07/1966,09:42:34,26.199,127.507,Earthquake,49.7,,,5.7,MW,,,,,,,1325325,POINT (127.507 26.199)
04/08/1966,01:46:46,51.301,157.703,Earthquake,46.6,,,6.2,MW,,,,,,,2183,POINT (157.703 51.301)
04/09/1966,02:42:09,9.409,-84.282,Earthquake,25.0,,,5.8,MW,,,,,,,7940471,POINT (-84.282 9.409)
04/09/1966,14:49:25,-14.074,166.724,Earthquake,55.0,,,5.7,MW,,,,,,,1286,POINT (166.724 -14.074)
04/10/1966,16:36:16,-31.452,-71.049,Earthquake,60.5,,,6.1,MW,,,,,,,17573814,POINT (-71.049 -31.452)
04/11/1966,17:17:30,18.113,-102.557,Earthquake,30.0,,,5.7,MW,,,,,,,228160,POINT (-102.557 18.113)
04/12/1966,23:37:42,-38.231,-72.695,Earthquake,35.0,,,6.3,MW,,,,,,,1106349,POINT (-72.695 -38.231)
04/13/1966,03:35:18,-38.194,-73.198,Earthquake,45.0,,,5.9,MW,,,,,,,900569,POINT (-73.198 -38.194)
04/16/1966,01:27:14,56.896,-153.601,Earthquake,15.0,,,6.2,MW,,,,,,,323,POINT (-153.601 56.896)
04/20/1966,16:26:19,18.82,147.221,Earthquake,25.0,,,6.0,MW,,,,,,,0,POINT (147.221 18.82)
04/20/1966,16:42:06,41.703,48.238,Earthquake,20.0,,,6.0,MW,,,,,,,784193,POINT (48.238 41.703)
04/21/1966,15:45:21,35.581,142.171,Earthquake,10.0,,,6.0,MW,,,,,,,0,POINT (142.171 35.581)
04/21/1966,17:36:48,35.6,142.037,Earthquake,10.9,,,5.9,MW,,,,,,,0,POINT (142.037 35.6)
04/22/1966,03:06:35,-37.656,-73.428,Earthquake,21.4,,,5.9,MW,,,,,,,1165677,POINT (-73.428 -37.656)
04/22/1966,23:27:21,57.271,-152.483,Earthquake,20.9,,,5.8,MW,,,,,,,6788,POINT (-152.483 57.271)
04/23/1966,00:09:35,-0.711,122.191,Earthquake,20.0,,,6.5,MW,,,,,,,110299,POINT (122.191 -0.711)
04/23/1966,08:56:43,-0.57,122.235,Earthquake,35.0,,,6.1,MW,,,,,,,110299,POINT (122.235 -0.57)
05/01/1966,16:22:57,-8.341,-74.142,Earthquake,161.0,,,6.4,MW,,,,,,,366625,POINT (-74.142 -8.341)
05/02/1966,09:52:48,-5.996,149.735,Earthquake,35.0,,,6.1,MW,,,,,,,86356,POINT (149.735 -5.996)
05/02/1966,16:39:45,-8.495,114.967,Earthquake,105.0,,,5.6,MW,,,,,,,1219085,POINT (114.967 -8.495)
05/05/1966,14:21:23,24.298,122.595,Earthquake,50.0,,,6.2,MW,,,,,,,363552,POINT (122.595 24.298)
05/09/1966,00:42:56,34.425,26.455,Earthquake,25.0,,,6.0,MW,,,,,,,43562,POINT (26.455 34.425)
05/11/1966,14:17:39,48.888,156.275,Earthquake,24.7,,,6.2,MW,,,,,,,0,POINT (156.275 48.888)
05/11/1966,14:26:42,48.848,156.288,Earthquake,25.7,,,5.6,MW,,,,,,,0,POINT (156.288 48.848)
05/11/1966,21:39:37,48.853,156.133,Earthquake,20.6,,,5.8,MW,,,,,,,0,POINT (156.133 48.853)
05/14/1966,17:03:54,34.023,138.983,Earthquake,10.0,,,5.7,MW,,,,,,,81207,POINT (138.983 34.023)
05/15/1966,14:46:08,51.41,-178.291,Earthquake,35.1,,,6.1,MW,,,,,,,0,POINT (-178.291 51.41)
05/16/1966,02:46:42,-6.974,129.352,Earthquake,201.1,,,5.7,MW,,,,,,,0,POINT (129.352 -6.974)
05/17/1966,16:58:16,-44.195,-75.478,Earthquake,19.5,,,5.6,MW,,,,,,,0,POINT (-75.478 -44.195)
05/18/1966,07:32:06,24.97,-109.085,Earthquake,20.0,,,5.9,MW,,,,,,,474049,POINT (-109.085 24.97)
05/19/1966,07:06:29,53.934,-164.122,Earthquake,32.3,,,6.0,MW,,,,,,,0,POINT (-164.122 53.934)
05/20/1966,09:14:45,13.901,146.481,Earthquake,25.0,,,6.1,MW,,,,,,,0,POINT (146.481 13.901)
05/20/1966,18:02:38,19.374,122.147,Earthquake,60.0,,,5.5,MW,,,,,,,27457,POINT (122.147 19.374)
05/23/1966,08:39:45,30.081,139.992,Earthquake,20.0,,,5.7,MW,,,,,,,0,POINT (139.992 30.081)
05/23/1966,14:22:32,13.894,146.41,Earthquake,25.0,,,5.7,MW,,,,,,,0,POINT (146.41 13.894)
05/25/1966,08:29:03,-6.384,131.044,Earthquake,65.0,,,5.7,MW,,,,,,,0,POINT (131.044 -6.384)
05/25/1966,12:07:07,-21.658,169.814,Earthquake,35.0,,,5.7,MW,,,,,,,0,POINT (169.814 -21.658)
05/25/1966,13:20:54,-52.772,160.124,Earthquake,10.0,,,6.1,MW,,,,,,,0,POINT (160.124 -52.772)
05/28/1966,00:03:59,24.274,122.631,Earthquake,50.0,,,5.8,MW,,,,,,,213743,POINT (122.631 24.274)
06/01/1966,11:47:33,-23.461,-174.657,Earthquake,15.0,,,5.8,MW,,,,,,,0,POINT (-174.657 -23.461)
06/02/1966,03:27:52,50.993,175.957,Earthquake,20.6,,,5.5,MW,,,,,,,0,POINT (175.957 50.993)
06/02/1966,07:08:05,-0.047,123.13,Earthquake,140.0,,,5.8,MW,,,,,,,1471385,POINT (123.13 -0.047)
06/04/1966,23:48:20,46.418,152.735,Earthquake,39.1,,,6.0,MW,,,,,,,0,POINT (152.735 46.418)
06/06/1966,01:45:43,-14.929,167.839,Earthquake,15.0,,,5.6,MW,,,,,,,14122,POINT (167.839 -14.929)
06/06/1966,07:46:17,36.421,71.224,Earthquake,215.6,,,6.6,MW,,,,,,,906641,POINT (71.224 36.421)
06/06/1966,20:47:10,9.528,126.505,Earthquake,25.0,,,6.0,MW,,,,,,,1330879,POINT (126.505 9.528)
06/07/1966,00:59:46,-14.828,-75.835,Earthquake,20.0,,,6.2,MW,,,,,,,1033279,POINT (-75.835 -14.828)
06/07/1966,11:44:52,24.328,122.66,Earthquake,35.0,,,5.6,MW,,,,,,,237979,POINT (122.66 24.328)
06/07/1966,13:59:36,11.323,139.593,Earthquake,35.0,,,6.8,MW,,,,,,,0,POINT (139.593 11.323)
06/09/1966,15:39:27,44.238,147.766,Earthquake,93.2,,,5.7,MW,,,,,,,7120,POINT (147.766 44.238)
06/11/1966,18:13:38,51.399,-178.35,Earthquake,35.0,,,5.6,MW,,,,,,,0,POINT (-178.35 51.399)
06/13/1966,07:33:13,-21.242,174.342,Earthquake,25.0,,,6.1,MW,,,,,,,0,POINT (174.342 -21.242)
06/13/1966,18:08:37,-12.191,167.132,Earthquake,241.6,,,6.7,MW,,,,,,,0,POINT (167.132 -12.191)
06/15/1966,00:59:50,-10.318,161.006,Earthquake,45.0,,,7.1,MW,,,,,,,0,POINT (161.006 -10.318)
06/15/1966,01:32:58,-10.061,161.149,Earthquake,45.0,,,6.8,MW,,,,,,,0,POINT (161.149 -10.061)
06/15/1966,06:13:54,-10.033,160.937,Earthquake,45.0,,,5.9,MW,,,,,,,0,POINT (160.937 -10.033)
06/15/1966,16:36:29,-10.172,160.85,Earthquake,45.0,,,5.7,MW,,,,,,,0,POINT (160.85 -10.172)
06/21/1966,00:43:17,-11.022,165.171,Earthquake,30.0,,,5.8,MW,,,,,,,2392,POINT (165.171 -11.022)
06/21/1966,23:06:31,50.164,157.767,Earthquake,45.5,,,5.5,MW,,,,,,,0,POINT (157.767 50.164)
06/22/1966,20:29:07,-7.24,124.583,Earthquake,531.8,,,7.0,MW,,,,,,,0,POINT (124.583 -7.24)
06/23/1966,05:01:43,43.726,140.19,Earthquake,225.0,,,5.6,MW,,,,,,,162869,POINT (140.19 43.726)
06/27/1966,10:41:09,29.504,80.845,Earthquake,25.9,,,6.0,MW,,,,,,,269343,POINT (80.845 29.504)
06/27/1966,10:49:49,29.543,80.915,Earthquake,25.0,,,5.7,MW,,,,,,,271259,POINT (80.915 29.543)
06/27/1966,10:59:19,29.706,80.935,Earthquake,25.0,,,6.3,MW,,,,,,,49599,POINT (80.935 29.706)
06/27/1966,21:47:11,-38.36,177.139,Earthquake,115.0,,,5.6,MW,,,,,,,289535,POINT (177.139 -38.36)
06/29/1966,21:46:57,-13.794,166.644,Earthquake,45.0,,,6.0,MW,,,,,,,1286,POINT (166.644 -13.794)
07/01/1966,05:50:40,24.739,122.414,Earthquake,112.5,,,6.4,MW,,,,,,,8019406,POINT (122.414 24.739)
07/04/1966,02:55:37,51.745,176.296,Earthquake,30.0,,,5.8,MW,,,,,,,0,POINT (176.296 51.745)
07/04/1966,18:33:40,51.826,179.778,Earthquake,15.0,,,6.8,MW,,,,,,,0,POINT (179.778 51.826)
07/05/1966,02:21:43,51.867,-179.88,Earthquake,15.0,,,5.8,MW,,,,,,,0,POINT (-179.88 51.867)
07/10/1966,16:12:44,24.303,125.186,Earthquake,35.6,,,6.1,MW,,,,,,,54197,POINT (125.186 24.303)
07/11/1966,22:45:56,-19.474,-173.254,Earthquake,25.0,,,6.0,MW,,,,,,,0,POINT (-173.254 -19.474)
07/12/1966,18:53:11,44.707,37.272,Earthquake,39.3,,,5.7,MW,,,,,,,1255212,POINT (37.272 44.707)
07/19/1966,01:40:56,56.241,164.754,Earthquake,15.0,,,6.4,MW,,,,,,,0,POINT (164.754 56.241)
07/19/1966,19:20:33,51.748,-173.478,Earthquake,29.7,,,5.6,MW,,,,,,,53,POINT (-173.478 51.748)
07/21/1966,18:30:16,-17.757,-178.55,Earthquake,594.4,,,6.4,MW,,,,,,,0,POINT (-178.55 -17.757)
07/22/1966,10:17:22,51.664,-173.677,Earthquake,31.3,,,5.7,MW,,,,,,,53,POINT (-173.677 51.664)
07/27/1966,04:49:01,-24.16,-70.082,Earthquake,33.5,,,5.8,MW,,,,,,,357505,POINT (-70.082 -24.16)
08/01/1966,19:09:56,29.937,68.778,Earthquake,20.2,,,6.0,MW,,,,,,,937654,POINT (68.778 29.937)
08/01/1966,20:30:58,29.906,68.681,Earthquake,25.0,,,6.2,MW,,,,,,,752654,POINT (68.681 29.906)
08/01/1966,21:03:02,29.988,68.588,Earthquake,25.0,,,6.9,MW,,,,,,,1102654,POINT (68.588 29.988)
08/05/1966,04:33:02,-10.987,162.767,Earthquake,35.0,,,5.7,MW,,,,,,,0,POINT (162.767 -10.987)
08/07/1966,02:13:04,50.513,-171.301,Earthquake,19.7,,,6.9,MW,,,,,,,0,POINT (-171.301 50.513)
08/07/1966,03:07:16,-10.692,161.237,Earthquake,35.0,,,5.6,MW,,,,,,,0,POINT (161.237 -10.692)
08/07/1966,17:36:12,31.0395,-113.7773333,Earthquake,6.0,31.61,13.0,6.35,ML,0.123,4.0,335.0,,99.0,0.6,63567,POINT (-113.7773333 31.0395)
08/08/1966,08:02:47,19.279,-108.27,Earthquake,30.0,,,6.0,MW,,,,,,,0,POINT (-108.27 19.279)
08/10/1966,05:01:10,-20.161,-175.228,Earthquake,98.8,,,6.0,MW,,,,,,,107485,POINT (-175.228 -20.161)
08/11/1966,23:25:39,-23.495,-175.808,Earthquake,35.0,,,5.9,MW,,,,,,,0,POINT (-175.808 -23.495)
08/12/1966,20:16:59,52.563,-161.63,Earthquake,17.2,,,5.8,MW,,,,,,,0,POINT (-161.63 52.563)
08/15/1966,02:15:32,28.565,78.961,Earthquake,27.0,,,5.6,MW,,,,,,,4532793,POINT (78.961 28.565)
08/15/1966,02:45:36,13.295,121.467,Earthquake,19.8,,,6.0,MW,,,,,,,17618153,POINT (121.467 13.295)
08/15/1966,10:20:40,3.487,64.014,Earthquake,10.0,,,6.0,MW,,,,,,,0,POINT (64.014 3.487)
08/16/1966,02:16:20,36.395,70.903,Earthquake,196.4,,,5.8,MW,,,,,,,906641,POINT (70.903 36.395)
08/16/1966,18:02:36,37.38,-114.157,Earthquake,10.0,,,5.7,MW,,,,,,,185139,POINT (-114.157 37.38)
08/16/1966,19:45:38,-21.343,171.484,Earthquake,15.0,,,6.2,MW,,,,,,,0,POINT (171.484 -21.343)
08/17/1966,19:54:10,-5.026,125.119,Earthquake,540.0,,,5.7,MW,,,,,,,0,POINT (125.119 -5.026)
08/17/1966,20:58:39,52.156,175.053,Earthquake,41.9,,,5.6,MW,,,,,,,0,POINT (175.053 52.156)
08/18/1966,10:33:16,14.478,-91.84,Earthquake,68.4,,,5.8,MW,,,,,,,1350559,POINT (-91.84 14.478)
08/18/1966,14:34:02,-0.111,125.071,Earthquake,55.0,,,6.1,MW,,,,,,,10353,POINT (125.071 -0.111)
08/18/1966,14:37:55,-0.007,125.026,Earthquake,32.5,,,6.0,MW,,,,,,,11008,POINT (125.026 -0.007)
08/19/1966,12:22:12,39.235,41.572,Earthquake,24.7,,,6.8,MW,,,,,,,2207504,POINT (41.572 39.235)
08/20/1966,07:43:29,-3.195,-77.166,Earthquake,113.3,,,5.7,MW,,,,,,,685,POINT (-77.166 -3.195)
08/20/1966,09:32:32,42.981,140.708,Earthquake,159.4,,,5.8,MW,,,,,,,5569163,POINT (140.708 42.981)
08/20/1966,11:59:13,39.438,41.094,Earthquake,25.0,,,6.2,MW,,,,,,,2285941,POINT (41.094 39.438)
08/20/1966,22:55:02,-23.734,-175.678,Earthquake,35.0,,,6.1,MW,,,,,,,0,POINT (-175.678 -23.734)
08/21/1966,05:00:25,8.48,126.645,Earthquake,35.0,,,6.0,MW,,,,,,,2009871,POINT (126.645 8.48)
08/22/1966,17:02:06,-1.741,134.06,Earthquake,25.0,,,5.9,MW,,,,,,,154854,POINT (134.06 -1.741)
08/22/1966,17:42:09,-22.499,170.742,Earthquake,20.0,,,6.3,MW,,,,,,,0,POINT (170.742 -22.499)
08/23/1966,18:22:16,23.873,123.228,Earthquake,25.0,,,5.7,MW,,,,,,,1843,POINT (123.228 23.873)
08/26/1966,00:51:52,-27.693,-177.185,Earthquake,55.0,,,5.8,MW,,,,,,,0,POINT (-177.185 -27.693)
08/26/1966,09:06:50,-22.128,170.04,Earthquake,10.0,,,6.0,MW,,,,,,,0,POINT (170.04 -22.128)
08/28/1966,07:29:42,-36.094,178.575,Earthquake,170.0,,,5.7,MW,,,,,,,0,POINT (178.575 -36.094)
08/30/1966,20:20:54,61.197,-147.781,Earthquake,29.6,,,5.6,MW,,,,,,,22342,POINT (-147.781 61.197)
09/08/1966,21:15:56,2.388,128.49,Earthquake,115.0,,,7.7,MW,,,,,,,36038,POINT (128.49 2.388)
09/08/1966,21:55:41,45.401,150.549,Earthquake,35.0,,,5.6,MW,,,,,,,0,POINT (150.549 45.401)
09/11/1966,17:38:05,6.761,-72.976,Earthquake,161.1,,,5.9,MW,,,,,,,4340448,POINT (-72.976 6.761)
09/12/1966,11:29:37,-22.987,170.75,Earthquake,15.0,,,6.3,MW,,,,,,,0,POINT (170.75 -22.987)
09/12/1966,16:41:04,39.385,-120.252,Earthquake,10.0,,,5.9,MW,,,,,,,691316,POINT (-120.252 39.385)
09/14/1966,23:18:42,-60.244,-27.199,Earthquake,20.0,,,6.7,MW,,,,,,,0,POINT (-27.199 -60.244)
09/15/1966,11:51:56,-60.256,-26.922,Earthquake,20.0,,,6.2,MW,,,,,,,0,POINT (-26.922 -60.256)
09/15/1966,17:10:47,22.924,121.507,Earthquake,30.0,,,6.2,MW,,,,,,,479230,POINT (121.507 22.924)
09/18/1966,20:43:56,27.775,54.227,Earthquake,20.0,,,5.7,MW,,,,,,,405654,POINT (54.227 27.775)
09/25/1966,06:02:29,18.261,-100.985,Earthquake,80.3,,,6.0,MW,,,,,,,236690,POINT (-100.985 18.261)
09/26/1966,05:10:57,27.419,92.576,Earthquake,14.4,,,5.9,MW,,,,,,,24641,POINT (92.576 27.419)
09/28/1966,14:00:24,27.412,100.103,Earthquake,20.0,,,6.3,MW,,,,,,,1478499,POINT (100.103 27.412)
10/07/1966,15:55:10,-21.558,170.596,Earthquake,150.0,,,6.9,MW,,,,,,,0,POINT (170.596 -21.558)
10/07/1966,20:55:57,61.58,-150.126,Earthquake,55.0,,,5.6,MW,,,,,,,318512,POINT (-150.126 61.58)
10/08/1966,00:12:17,-16.654,-177.279,Earthquake,15.0,,,6.1,MW,,,,,,,0,POINT (-177.279 -16.654)
10/11/1966,06:25:55,-60.354,-26.485,Earthquake,20.0,,,6.1,MW,,,,,,,0,POINT (-26.485 -60.354)
10/12/1966,00:06:38,-11.793,121.601,Earthquake,20.0,,,6.0,MW,,,,,,,0,POINT (121.601 -11.793)
10/12/1966,04:22:17,-31.241,-177.747,Earthquake,25.0,,,5.8,MW,,,,,,,0,POINT (-177.747 -31.241)
10/16/1966,09:13:28,29.734,142.669,Earthquake,15.0,,,5.7,MW,,,,,,,0,POINT (142.669 29.734)
10/16/1966,12:55:32,-56.111,-27.62,Earthquake,100.0,,,5.7,MW,,,,,,,0,POINT (-27.62 -56.111)
10/17/1966,21:42:00,-10.665,-78.228,Earthquake,40.0,,,8.1,MW,,,,,,,66851,POINT (-78.228 -10.665)
10/19/1966,08:01:34,-1.571,-15.611,Earthquake,15.0,,,7.0,MW,,,,,,,0,POINT (-15.611 -1.571)
10/26/1966,18:28:55,-18.319,167.58,Earthquake,35.0,,,5.7,MW,,,,,,,0,POINT (167.58 -18.319)
10/27/1966,14:21:03,22.232,145.978,Earthquake,10.0,,,6.7,MW,,,,,,,0,POINT (145.978 22.232)
10/29/1966,02:39:29,38.796,21.242,Earthquake,25.0,,,5.9,MW,,,,,,,12196842,POINT (21.242 38.796)
11/03/1966,16:24:33,19.102,-67.878,Earthquake,26.5,,,6.0,MW,,,,,,,201200,POINT (-67.878 19.102)
11/05/1966,12:45:14,-15.37,-175.109,Earthquake,15.0,,,6.4,MW,,,,,,,527,POINT (-175.109 -15.37)
11/10/1966,03:02:34,-31.973,-68.301,Earthquake,113.0,,,6.1,MW,,,,,,,1266555,POINT (-68.301 -31.973)
11/11/1966,15:31:05,52.141,-169.158,Earthquake,29.2,,,5.6,MW,,,,,,,0,POINT (-169.158 52.141)
11/12/1966,11:50:33,-23.822,-67.863,Earthquake,135.0,,,5.6,MW,,,,,,,3380,POINT (-67.863 -23.822)
11/12/1966,12:49:44,41.746,144.389,Earthquake,32.5,,,6.0,MW,,,,,,,1156,POINT (144.389 41.746)
11/12/1966,18:45:03,-15.681,167.258,Earthquake,35.0,,,6.3,MW,,,,,,,15580,POINT (167.258 -15.681)
11/13/1966,02:51:54,17.042,-61.885,Earthquake,79.4,,,5.6,MW,,,,,,,826620,POINT (-61.885 17.042)
11/22/1966,06:29:54,48.019,146.857,Earthquake,460.0,,,5.9,MW,,,,,,,0,POINT (146.857 48.019)
11/22/1966,07:01:12,-57.964,-25.518,Earthquake,35.0,,,5.8,MW,,,,,,,0,POINT (-25.518 -57.964)
11/23/1966,02:19:13,-14.851,167.051,Earthquake,35.0,,,5.9,MW,,,,,,,13732,POINT (167.051 -14.851)
11/26/1966,02:18:19,-25.563,-70.497,Earthquake,51.8,,,5.7,MW,,,,,,,23536,POINT (-70.497 -25.563)
11/28/1966,07:32:53,6.6,-82.746,Earthquake,16.7,,,5.6,MW,,,,,,,0,POINT (-82.746 6.6)
12/01/1966,04:56:59,-13.954,167.045,Earthquake,125.0,,,6.8,MW,,,,,,,1286,POINT (167.045 -13.954)
12/02/1966,09:31:18,3.251,128.174,Earthquake,75.0,,,5.7,MW,,,,,,,0,POINT (128.174 3.251)
12/07/1966,17:17:43,44.475,151.655,Earthquake,15.0,,,5.9,MW,,,,,,,0,POINT (151.655 44.475)
12/10/1966,13:06:35,14.351,-91.963,Earthquake,70.0,,,5.7,MW,,,,,,,1249164,POINT (-91.963 14.351)
12/10/1966,18:08:15,-3.424,145.703,Earthquake,25.0,,,6.3,MW,,,,,,,0,POINT (145.703 -3.424)
12/14/1966,21:07:53,-4.928,144.05,Earthquake,65.0,,,6.3,MW,,,,,,,6942839,POINT (144.05 -4.928)
12/15/1966,02:08:05,21.487,94.322,Earthquake,94.3,,,5.7,MW,,,,,,,242808,POINT (94.322 21.487)
12/16/1966,20:52:18,29.535,80.823,Earthquake,20.0,,,5.7,MW,,,,,,,261043,POINT (80.823 29.535)
12/20/1966,12:26:55,-26.123,-63.152,Earthquake,578.0,,,6.3,MW,,,,,,,30041,POINT (-63.152 -26.123)
12/20/1966,15:30:01,37.3021667,-116.4083333,Nuclear Explosion,1.2,31.61,16.0,5.62,ML,0.245,10.0,261.0,1.476,99.0,0.86,2247,POINT (-116.4083333 37.3021667)
12/21/1966,08:51:59,-19.98,169.834,Earthquake,230.0,,,6.3,MW,,,,,,,230,POINT (169.834 -19.98)
12/23/1966,15:50:21,-7.039,148.256,Earthquake,30.0,,,6.6,MW,,,,,,,42631,POINT (148.256 -7.039)
12/27/1966,01:22:18,37.126,141.202,Earthquake,55.3,,,5.6,MW,,,,,,,2085725,POINT (141.202 37.126)
12/28/1966,08:18:07,-25.494,-70.55,Earthquake,25.0,,,7.7,MW,,,,,,,22957,POINT (-70.55 -25.494)
12/29/1966,22:16:21,-32.838,-111.783,Earthquake,10.0,,,5.6,MW,,,,,,,0,POINT (-111.783 -32.838)
12/31/1966,18:23:09,-12.091,166.552,Earthquake,55.0,,,7.8,MW,,,,,,,0,POINT (166.552 -12.091)
12/31/1966,22:15:19,-12.326,166.491,Earthquake,35.0,,,7.1,MW,,,,,,,0,POINT (166.491 -12.326)
01/01/1967,07:05:51,-15.237,-173.608,Earthquake,30.0,,,6.5,MW,,,,,,,759,POINT (-173.608 -15.237)
01/01/1967,21:59:00,-11.2,165.416,Earthquake,30.0,,,5.9,MW,,,,,,,2978,POINT (165.416 -11.2)
01/02/1967,09:47:54,-10.187,28.424,Earthquake,29.1,,,5.6,MW,,,,,,,1255310,POINT (28.424 -10.187)
01/02/1967,20:00:00,-12.347,166.221,Earthquake,30.0,,,6.0,MW,,,,,,,0,POINT (166.221 -12.347)
01/03/1967,05:35:49,-11.093,165.668,Earthquake,30.0,,,6.1,MW,,,,,,,2978,POINT (165.668 -11.093)
01/03/1967,11:05:17,-11.112,165.536,Earthquake,30.0,,,5.6,MW,,,,,,,2978,POINT (165.536 -11.112)
01/03/1967,21:23:23,-12.376,166.473,Earthquake,30.0,,,5.8,MW,,,,,,,0,POINT (166.473 -12.376)
01/04/1967,03:41:37,20.318,120.114,Earthquake,21.6,,,5.6,MW,,,,,,,0,POINT (120.114 20.318)
01/04/1967,20:16:00,10.881,-62.33,Earthquake,92.6,,,5.5,MW,,,,,,,100925,POINT (-62.33 10.881)
01/05/1967,00:14:41,48.168,103.036,Earthquake,13.2,,,7.0,MW,,,,,,,11320,POINT (103.036 48.168)
01/05/1967,00:42:12,48.477,103.021,Earthquake,17.5,,,5.8,MW,,,,,,,98186,POINT (103.021 48.477)
01/05/1967,23:58:20,48.04,103.013,Earthquake,17.5,,,5.9,MW,,,,,,,19731,POINT (103.013 48.04)
01/06/1967,00:04:06,41.878,143.482,Earthquake,39.3,,,5.9,MW,,,,,,,65068,POINT (143.482 41.878)
01/06/1967,10:03:05,-1.461,126.477,Earthquake,30.0,,,5.6,MW,,,,,,,0,POINT (126.477 -1.461)
01/07/1967,00:27:24,-48.873,112.803,Earthquake,15.0,,,6.0,MW,,,,,,,0,POINT (112.803 -48.873)
01/07/1967,13:34:46,11.854,142.866,Earthquake,15.0,,,5.7,MW,,,,,,,0,POINT (142.866 11.854)
01/11/1967,05:54:03,-0.149,120.033,Earthquake,35.0,,,5.7,MW,,,,,,,335297,POINT (120.033 -0.149)
01/11/1967,11:20:48,33.989,45.738,Earthquake,35.0,,,6.1,MW,,,,,,,882101,POINT (45.738 33.989)
01/13/1967,13:48:14,-10.515,161.406,Earthquake,40.0,,,6.2,MW,,,,,,,0,POINT (161.406 -10.515)
01/16/1967,14:26:29,-11.248,165.623,Earthquake,30.0,,,6.0,MW,,,,,,,2978,POINT (165.623 -11.248)
01/17/1967,01:07:55,-27.335,-63.204,Earthquake,590.9,,,6.2,MW,,,,,,,74634,POINT (-63.204 -27.335)
01/17/1967,11:59:33,38.244,142.152,Earthquake,45.8,,,6.6,MW,,,,,,,469376,POINT (142.152 38.244)
01/18/1967,05:34:37,56.564,120.947,Earthquake,25.0,,,5.5,MW,,,,,,,2940,POINT (120.947 56.564)
01/18/1967,08:18:23,52.565,-168.501,Earthquake,26.0,,,5.9,MW,,,,,,,0,POINT (-168.501 52.565)
01/19/1967,12:38:31,-11.903,166.494,Earthquake,140.0,,,5.9,MW,,,,,,,0,POINT (166.494 -11.903)
01/20/1967,01:57:23,48.105,103.064,Earthquake,20.0,,,6.4,MW,,,,,,,11320,POINT (103.064 48.105)
01/21/1967,02:54:04,-49.917,-114.881,Earthquake,25.0,,,6.3,MW,,,,,,,0,POINT (-114.881 -49.917)
01/23/1967,20:25:40,19.973,-109.129,Earthquake,30.0,,,6.0,MW,,,,,,,0,POINT (-109.129 19.973)
01/24/1967,03:05:40,41.5,142.2,Earthquake,68.0,,,5.7,MW,,,,,,,167988,POINT (142.2 41.5)
01/24/1967,09:29:11,-0.922,-21.081,Earthquake,10.0,,,6.5,MW,,,,,,,0,POINT (-21.081 -0.922)
01/25/1967,01:50:20,36.715,71.625,Earthquake,273.2,,,6.0,MW,,,,,,,915892,POINT (71.625 36.715)
01/28/1967,13:53:00,52.45,-169.603,Earthquake,35.0,,,6.8,MW,,,,,,,0,POINT (-169.603 52.45)
01/28/1967,16:31:23,52.288,-169.353,Earthquake,35.0,,,5.6,MW,,,,,,,0,POINT (-169.353 52.288)
01/28/1967,17:42:02,52.242,-169.468,Earthquake,39.9,,,5.8,MW,,,,,,,0,POINT (-169.468 52.242)
01/30/1967,21:05:30,26.107,96.115,Earthquake,25.0,,,5.6,MW,,,,,,,35998,POINT (96.115 26.107)
01/31/1967,13:37:32,2.619,-84.363,Earthquake,10.0,,,5.6,MW,,,,,,,0,POINT (-84.363 2.619)
02/02/1967,06:25:49,-57.94,-25.663,Earthquake,65.0,,,6.1,MW,,,,,,,0,POINT (-25.663 -57.94)
02/03/1967,12:48:09,-5.542,110.478,Earthquake,550.0,,,5.6,MW,,,,,,,0,POINT (110.478 -5.542)
02/07/1967,14:53:14,56.521,-157.326,Earthquake,62.0,,,5.7,MW,,,,,,,166,POINT (-157.326 56.521)
02/09/1967,15:24:49,2.849,-74.798,Earthquake,55.0,,,7.0,MW,,,,,,,994218,POINT (-74.798 2.849)
02/13/1967,23:14:24,52.812,-34.14,Earthquake,10.0,,,7.0,MW,,,,,,,0,POINT (-34.14 52.812)
02/14/1967,01:36:08,13.555,96.463,Earthquake,30.0,,,6.8,MW,,,,,,,0,POINT (96.463 13.555)
02/14/1967,05:02:39,-13.303,171.408,Earthquake,630.0,,,5.8,MW,,,,,,,0,POINT (171.408 -13.303)
02/15/1967,16:11:12,-9.163,-71.274,Earthquake,600.4,,,7.0,MW,,,,,,,17101,POINT (-71.274 -9.163)
02/17/1967,10:10:52,-23.878,-175.078,Earthquake,15.0,,,6.5,MW,,,,,,,0,POINT (-175.078 -23.878)
02/18/1967,02:39:20,-5.873,153.267,Earthquake,35.0,,,5.6,MW,,,,,,,0,POINT (153.267 -5.873)
02/19/1967,22:14:36,-8.965,113.017,Earthquake,80.0,,,6.3,MW,,,,,,,48704,POINT (113.017 -8.965)
02/19/1967,23:28:29,-0.072,124.213,Earthquake,95.0,,,5.9,MW,,,,,,,127202,POINT (124.213 -0.072)
02/20/1967,15:18:41,33.617,75.333,Earthquake,20.0,,,5.5,MW,,,,,,,1942912,POINT (75.333 33.617)
02/22/1967,18:26:48,-19.516,169.216,Earthquake,90.6,,,5.8,MW,,,,,,,1030,POINT (169.216 -19.516)
02/23/1967,20:38:59,26.184,128.611,Earthquake,31.9,,,6.0,MW,,,,,,,1316567,POINT (128.611 26.184)
02/25/1967,11:20:50,-0.077,123.947,Earthquake,75.0,,,5.9,MW,,,,,,,126923,POINT (123.947 -0.077)
02/25/1967,11:38:45,-0.114,123.969,Earthquake,80.0,,,5.9,MW,,,,,,,10629,POINT (123.969 -0.114)
02/28/1967,09:37:20,32.608,141.649,Earthquake,25.0,,,6.0,MW,,,,,,,0,POINT (141.649 32.608)
03/02/1967,02:47:33,-0.214,-78.595,Earthquake,118.9,,,6.0,MW,,,,,,,3302157,POINT (-78.595 -0.214)
03/04/1967,05:09:25,21.398,121.823,Earthquake,131.1,,,5.7,MW,,,,,,,31694,POINT (121.823 21.398)
03/04/1967,06:16:24,-18.558,-175.286,Earthquake,226.7,,,5.7,MW,,,,,,,0,POINT (-175.286 -18.558)
03/04/1967,17:58:06,39.1,24.684,Earthquake,15.0,,,6.6,MW,,,,,,,28072,POINT (24.684 39.1)
03/09/1967,06:58:36,-10.617,166.198,Earthquake,15.0,,,5.9,MW,,,,,,,2978,POINT (166.198 -10.617)
03/09/1967,18:02:42,-10.622,166.333,Earthquake,15.0,,,5.9,MW,,,,,,,2978,POINT (166.333 -10.622)
03/11/1967,08:33:29,-10.821,166.388,Earthquake,55.0,,,5.9,MW,,,,,,,2978,POINT (166.388 -10.821)
03/11/1967,14:45:01,19.263,-95.801,Earthquake,28.7,,,5.9,MW,,,,,,,625464,POINT (-95.801 19.263)
03/13/1967,16:06:53,-40.17,-74.722,Earthquake,20.0,,,5.7,MW,,,,,,,805,POINT (-74.722 -40.17)
03/13/1967,19:22:19,19.581,38.874,Earthquake,20.0,,,5.6,MW,,,,,,,0,POINT (38.874 19.581)
03/14/1967,06:58:05,28.463,94.248,Earthquake,16.9,,,5.7,MW,,,,,,,19311,POINT (94.248 28.463)
03/17/1967,11:24:47,-3.575,150.909,Earthquake,25.0,,,6.2,MW,,,,,,,0,POINT (150.909 -3.575)
03/18/1967,19:15:37,-6.075,146.354,Earthquake,110.0,,,5.7,MW,,,,,,,15479,POINT (146.354 -6.075)
03/19/1967,01:10:51,-6.727,129.744,Earthquake,97.7,,,6.2,MW,,,,,,,0,POINT (129.744 -6.727)
03/19/1967,04:01:41,45.527,151.188,Earthquake,40.0,,,6.7,MW,,,,,,,0,POINT (151.188 45.527)
03/20/1967,13:31:35,45.672,151.301,Earthquake,35.0,,,5.8,MW,,,,,,,0,POINT (151.301 45.672)
03/20/1967,13:40:53,45.438,151.511,Earthquake,34.5,,,5.7,MW,,,,,,,0,POINT (151.511 45.438)
03/24/1967,09:00:20,-5.972,112.225,Earthquake,598.0,,,6.7,MW,,,,,,,0,POINT (112.225 -5.972)
03/25/1967,22:47:59,45.201,151.551,Earthquake,30.4,,,5.9,MW,,,,,,,0,POINT (151.551 45.201)
03/26/1967,22:39:03,-9.182,148.623,Earthquake,20.0,,,5.7,MW,,,,,,,108765,POINT (148.623 -9.182)
03/27/1967,08:58:24,38.474,116.608,Earthquake,29.7,,,6.1,MW,,,,,,,31697959,POINT (116.608 38.474)
03/27/1967,10:01:45,-16.438,168.214,Earthquake,15.0,,,6.4,MW,,,,,,,216752,POINT (168.214 -16.438)
03/30/1967,02:08:01,-11.114,115.227,Earthquake,15.0,,,6.2,MW,,,,,,,0,POINT (115.227 -11.114)
04/01/1967,05:54:21,45.718,151.83,Earthquake,35.0,,,6.1,MW,,,,,,,0,POINT (151.83 45.718)
04/01/1967,05:57:08,45.661,151.789,Earthquake,45.0,,,5.8,MW,,,,,,,0,POINT (151.789 45.661)
04/01/1967,12:23:35,45.617,151.703,Earthquake,29.8,,,6.1,MW,,,,,,,0,POINT (151.703 45.617)
04/03/1967,08:04:18,-6.024,151.499,Earthquake,22.5,,,5.9,MW,,,,,,,54954,POINT (151.499 -6.024)
04/05/1967,02:34:10,20.036,147.311,Earthquake,27.1,,,5.9,MW,,,,,,,0,POINT (147.311 20.036)
04/05/1967,02:47:54,19.992,147.227,Earthquake,25.0,,,5.7,MW,,,,,,,0,POINT (147.227 19.992)
04/06/1967,12:21:59,20.07,147.252,Earthquake,25.0,,,5.8,MW,,,,,,,0,POINT (147.252 20.07)
04/09/1967,00:05:10,-3.989,135.677,Earthquake,15.0,,,6.0,MW,,,,,,,88719,POINT (135.677 -3.989)
04/10/1967,04:59:56,-7.359,155.753,Earthquake,35.0,,,5.7,MW,,,,,,,15588,POINT (155.753 -7.359)
04/10/1967,15:02:44,-7.222,155.833,Earthquake,35.0,,,6.1,MW,,,,,,,15588,POINT (155.833 -7.222)
04/10/1967,16:47:50,-63.66,-167.459,Earthquake,10.0,,,6.1,MW,,,,,,,0,POINT (-167.459 -63.66)
04/12/1967,04:51:42,5.121,96.286,Earthquake,50.0,,,6.7,MW,,,,,,,194907,POINT (96.286 5.121)
04/12/1967,05:11:18,5.349,96.483,Earthquake,50.0,,,5.6,MW,,,,,,,194907,POINT (96.483 5.349)
04/13/1967,19:59:53,18.309,-100.125,Earthquake,85.0,,,5.8,MW,,,,,,,588784,POINT (-100.125 18.309)
04/20/1967,00:01:27,-5.605,129.639,Earthquake,175.0,,,5.7,MW,,,,,,,0,POINT (129.639 -5.605)
04/21/1967,08:14:24,-5.401,126.688,Earthquake,10.0,,,6.2,MW,,,,,,,0,POINT (126.688 -5.401)
04/23/1967,17:52:47,13.558,146.268,Earthquake,15.0,,,5.7,MW,,,,,,,0,POINT (146.268 13.558)
04/29/1967,03:55:20,51.42,-178.261,Earthquake,31.6,,,5.7,MW,,,,,,,0,POINT (-178.261 51.42)
04/30/1967,16:59:00,-1.808,138.694,Earthquake,20.0,,,5.8,MW,,,,,,,14633,POINT (138.694 -1.808)
05/01/1967,07:09:03,39.528,21.267,Earthquake,25.0,,,6.2,MW,,,,,,,12223033,POINT (21.267 39.528)
05/04/1967,08:17:34,-55.604,-28.129,Earthquake,30.0,,,5.9,MW,,,,,,,0,POINT (-28.129 -55.604)
05/05/1967,15:00:08,-10.425,161.494,Earthquake,40.0,,,5.8,MW,,,,,,,0,POINT (161.494 -10.425)
05/09/1967,21:30:07,5.161,127.412,Earthquake,90.0,,,5.7,MW,,,,,,,0,POINT (127.412 5.161)
05/11/1967,14:51:01,39.365,73.787,Earthquake,15.0,,,5.6,MW,,,,,,,5100,POINT (73.787 39.365)
05/11/1967,15:05:23,-20.304,-68.821,Earthquake,109.4,,,6.1,MW,,,,,,,305552,POINT (-68.821 -20.304)
05/20/1967,13:02:07,-59.076,-65.47,Earthquake,10.0,,,5.7,MW,,,,,,,0,POINT (-65.47 -59.076)
05/21/1967,18:45:13,-0.897,101.313,Earthquake,179.3,,,6.7,MW,,,,,,,121094,POINT (101.313 -0.897)
05/23/1967,19:17:48,-56.191,-27.608,Earthquake,125.0,,,5.8,MW,,,,,,,0,POINT (-27.608 -56.191)
05/27/1967,17:23:00,51.851,176.105,Earthquake,30.7,,,5.8,MW,,,,,,,0,POINT (176.105 51.851)
05/27/1967,19:05:48,36.034,77.714,Earthquake,20.0,,,5.9,MW,,,,,,,0,POINT (77.714 36.034)
05/29/1967,04:45:44,12.115,143.729,Earthquake,20.0,,,5.8,MW,,,,,,,0,POINT (143.729 12.115)
06/01/1967,03:36:19,53.567,-165.718,Earthquake,50.0,,,5.8,MW,,,,,,,6080,POINT (-165.718 53.567)
06/01/1967,20:47:45,-6.794,154.934,Earthquake,15.0,,,5.6,MW,,,,,,,92966,POINT (154.934 -6.794)
06/03/1967,09:08:57,58.207,-151.453,Earthquake,27.8,,,5.6,MW,,,,,,,6538,POINT (-151.453 58.207)
06/10/1967,05:26:44,-41.394,-73.809,Earthquake,31.9,,,5.7,MW,,,,,,,438737,POINT (-73.809 -41.394)
06/12/1967,05:21:09,-44.881,35.508,Earthquake,10.0,,,5.8,MW,,,,,,,0,POINT (35.508 -44.881)
06/12/1967,23:22:46,47.649,154.23,Earthquake,40.0,,,6.0,MW,,,,,,,0,POINT (154.23 47.649)
06/14/1967,03:14:18,-15.052,-73.315,Earthquake,97.0,,,5.7,MW,,,,,,,14801,POINT (-73.315 -15.052)
06/14/1967,05:06:21,-15.406,-173.343,Earthquake,29.6,,,6.2,MW,,,,,,,759,POINT (-173.343 -15.406)
06/14/1967,08:13:01,47.449,154.503,Earthquake,35.0,,,5.6,MW,,,,,,,0,POINT (154.503 47.449)
06/17/1967,05:00:15,-58.375,-26.956,Earthquake,163.4,,,6.0,MW,,,,,,,0,POINT (-26.956 -58.375)
06/19/1967,17:07:46,52.539,-166.912,Earthquake,27.1,,,6.1,MW,,,,,,,0,POINT (-166.912 52.539)
06/20/1967,07:38:49,52.638,-167.155,Earthquake,27.6,,,5.9,MW,,,,,,,0,POINT (-167.155 52.638)
06/21/1967,06:49:54,-2.336,-77.519,Earthquake,15.0,,,5.7,MW,,,,,,,22330,POINT (-77.519 -2.336)
06/21/1967,18:13:04,64.65,-147.798,Earthquake,10.0,,,5.7,MW,,,,,,,791007,POINT (-147.798 64.65)
06/21/1967,20:09:32,-25.076,-70.394,Earthquake,35.0,,,6.2,MW,,,,,,,11911,POINT (-70.394 -25.076)
06/23/1967,05:05:06,-5.859,130.325,Earthquake,90.0,,,5.8,MW,,,,,,,0,POINT (130.325 -5.859)
06/23/1967,21:30:12,-19.142,167.74,Earthquake,16.4,,,5.6,MW,,,,,,,0,POINT (167.74 -19.142)
06/24/1967,21:00:26,12.531,141.665,Earthquake,20.0,,,5.7,MW,,,,,,,0,POINT (141.665 12.531)
06/25/1967,23:18:04,12.488,141.655,Earthquake,20.0,,,5.8,MW,,,,,,,0,POINT (141.655 12.488)
06/28/1967,00:14:37,-9.543,157.752,Earthquake,25.0,,,5.6,MW,,,,,,,0,POINT (157.752 -9.543)
06/28/1967,14:34:06,-47.085,165.844,Earthquake,30.0,,,5.7,MW,,,,,,,0,POINT (165.844 -47.085)
06/29/1967,16:36:20,-7.249,128.596,Earthquake,150.0,,,5.5,MW,,,,,,,0,POINT (128.596 -7.249)
07/01/1967,23:10:08,54.358,-158.087,Earthquake,27.5,,,6.5,MW,,,,,,,0,POINT (-158.087 54.358)
07/02/1967,07:03:53,8.823,93.637,Earthquake,15.0,,,6.1,MW,,,,,,,0,POINT (93.637 8.823)
07/04/1967,23:42:14,43.136,142.67,Earthquake,158.1,,,5.7,MW,,,,,,,1707907,POINT (142.67 43.136)
07/06/1967,13:42:26,52.557,-168.19,Earthquake,27.3,,,6.1,MW,,,,,,,0,POINT (-168.19 52.557)
07/07/1967,13:28:41,8.571,125.941,Earthquake,200.0,,,5.7,MW,,,,,,,4770524,POINT (125.941 8.571)
07/10/1967,19:18:11,4.894,126.855,Earthquake,75.0,,,5.7,MW,,,,,,,0,POINT (126.855 4.894)
07/12/1967,21:00:23,5.479,-82.732,Earthquake,20.0,,,6.1,MW,,,,,,,0,POINT (-82.732 5.479)
07/16/1967,13:34:33,-0.869,132.73,Earthquake,30.0,,,6.2,MW,,,,,,,7406,POINT (132.73 -0.869)
07/20/1967,15:36:24,7.557,134.69,Earthquake,20.0,,,6.4,MW,,,,,,,1997,POINT (134.69 7.557)
07/22/1967,03:58:01,-33.451,-178.828,Earthquake,20.0,,,6.1,MW,,,,,,,0,POINT (-178.828 -33.451)
07/22/1967,16:57:00,40.751,30.8,Earthquake,30.0,,,7.4,MW,,,,,,,6157950,POINT (30.8 40.751)
07/26/1967,18:53:02,39.568,40.445,Earthquake,20.0,,,6.2,MW,,,,,,,2134486,POINT (40.445 39.568)
07/29/1967,10:24:25,6.747,-73.032,Earthquake,161.2,,,6.8,MW,,,,,,,4536941,POINT (-73.032 6.747)
07/30/1967,00:00:04,10.559,-67.33,Earthquake,25.0,,,6.6,MW,,,,,,,9766143,POINT (-67.33 10.559)
07/30/1967,01:31:03,40.764,30.609,Earthquake,15.0,,,5.7,MW,,,,,,,6291564,POINT (30.609 40.764)
08/01/1967,01:13:42,-13.02,-76.731,Earthquake,50.0,,,5.7,MW,,,,,,,1981532,POINT (-76.731 -13.02)
08/09/1967,08:20:06,-6.484,130.544,Earthquake,105.0,,,5.9,MW,,,,,,,0,POINT (130.544 -6.484)
08/10/1967,11:21:23,45.342,150.317,Earthquake,35.0,,,5.6,MW,,,,,,,0,POINT (150.317 45.342)
08/12/1967,09:39:46,-24.719,-177.33,Earthquake,143.6,,,6.7,MW,,,,,,,0,POINT (-177.33 -24.719)
08/12/1967,12:30:58,-14.89,166.756,Earthquake,20.0,,,5.7,MW,,,,,,,13732,POINT (166.756 -14.89)
08/13/1967,20:06:52,35.388,135.43,Earthquake,364.3,,,6.3,MW,,,,,,,25258395,POINT (135.43 35.388)
08/13/1967,22:07:48,43.094,-0.731,Earthquake,10.0,,,5.7,MW,,,,,,,2110284,POINT (-0.731 43.094)
08/13/1967,22:15:11,-4.41,152.439,Earthquake,20.0,,,6.3,MW,,,,,,,107855,POINT (152.439 -4.41)
08/15/1967,09:21:03,31.079,93.639,Earthquake,20.0,,,5.7,MW,,,,,,,73200,POINT (93.639 31.079)
08/16/1967,19:19:04,0.873,98.876,Earthquake,75.1,,,5.7,MW,,,,,,,274289,POINT (98.876 0.873)
08/18/1967,03:35:42,27.693,127.685,Earthquake,110.0,,,5.6,MW,,,,,,,9563,POINT (127.685 27.693)
08/19/1967,15:28:07,10.295,125.881,Earthquake,35.0,,,6.0,MW,,,,,,,2463965,POINT (125.881 10.295)
08/19/1967,15:41:54,-12.481,166.652,Earthquake,85.0,,,5.7,MW,,,,,,,210,POINT (166.652 -12.481)
08/20/1967,15:03:36,-25.265,-69.044,Earthquake,103.2,,,5.8,MW,,,,,,,56,POINT (-69.044 -25.265)
08/21/1967,07:33:03,3.697,95.669,Earthquake,39.1,,,6.6,MW,,,,,,,35000,POINT (95.669 3.697)
08/22/1967,13:02:05,-60.761,-24.301,Earthquake,10.0,,,6.6,MW,,,,,,,0,POINT (-24.301 -60.761)
08/22/1967,13:17:02,-60.898,-23.378,Earthquake,10.0,,,5.7,MW,,,,,,,0,POINT (-23.378 -60.898)
08/24/1967,03:21:19,43.565,147.578,Earthquake,65.9,,,5.6,MW,,,,,,,3800,POINT (147.578 43.565)
08/24/1967,10:32:55,-14.94,166.902,Earthquake,25.0,,,5.8,MW,,,,,,,13732,POINT (166.902 -14.94)
08/26/1967,00:36:42,12.173,140.765,Earthquake,20.0,,,6.2,MW,,,,,,,0,POINT (140.765 12.173)
08/26/1967,02:07:10,12.273,140.896,Earthquake,20.0,,,5.6,MW,,,,,,,0,POINT (140.896 12.273)
08/30/1967,04:22:04,31.633,100.262,Earthquake,10.0,,,6.4,MW,,,,,,,120384,POINT (100.262 31.633)
08/30/1967,11:08:49,31.587,100.255,Earthquake,10.0,,,5.8,MW,,,,,,,110884,POINT (100.255 31.587)
08/30/1967,13:33:28,45.444,151.353,Earthquake,35.0,,,6.0,MW,,,,,,,0,POINT (151.353 45.444)
09/01/1967,03:31:11,-5.615,147.201,Earthquake,185.0,,,5.7,MW,,,,,,,8367,POINT (147.201 -5.615)
09/03/1967,21:07:29,-10.656,-79.674,Earthquake,15.0,,,7.0,MW,,,,,,,0,POINT (-79.674 -10.656)
09/04/1967,03:52:00,-31.278,-179.422,Earthquake,236.1,,,6.5,MW,,,,,,,0,POINT (-179.422 -31.278)
09/06/1967,07:30:12,14.596,93.48,Earthquake,32.9,,,5.7,MW,,,,,,,0,POINT (93.48 14.596)
09/07/1967,07:12:37,2.626,124.226,Earthquake,275.0,,,5.9,MW,,,,,,,0,POINT (124.226 2.626)
09/08/1967,22:37:39,12.27,140.953,Earthquake,15.0,,,6.1,MW,,,,,,,0,POINT (140.953 12.27)
09/09/1967,10:06:45,-27.623,-63.23,Earthquake,580.4,,,6.7,MW,,,,,,,85410,POINT (-63.23 -27.623)
09/09/1967,16:52:02,-54.55,-136.196,Earthquake,10.0,,,6.3,MW,,,,,,,0,POINT (-136.196 -54.55)
09/13/1967,18:41:16,52.741,172.489,Earthquake,25.0,,,5.6,MW,,,,,,,0,POINT (172.489 52.741)
09/15/1967,00:28:39,35.607,140.738,Earthquake,45.0,,,5.8,MW,,,,,,,37652519,POINT (140.738 35.607)
09/15/1967,10:32:44,27.338,91.91,Earthquake,13.7,,,5.8,MW,,,,,,,43495,POINT (91.91 27.338)
09/16/1967,08:31:58,51.721,-176.222,Earthquake,55.0,,,5.6,MW,,,,,,,171,POINT (-176.222 51.721)
09/18/1967,15:33:07,-5.985,146.6,Earthquake,35.0,,,5.8,MW,,,,,,,266427,POINT (146.6 -5.985)
09/19/1967,10:56:10,43.065,145.297,Earthquake,80.0,,,6.1,MW,,,,,,,287945,POINT (145.297 43.065)
09/19/1967,12:45:33,-57.799,-23.802,Earthquake,10.0,,,6.3,MW,,,,,,,0,POINT (-23.802 -57.799)
09/20/1967,09:39:16,-49.736,164.009,Earthquake,20.0,,,7.0,MW,,,,,,,0,POINT (164.009 -49.736)
09/20/1967,10:30:54,-49.588,163.812,Earthquake,20.0,,,5.7,MW,,,,,,,0,POINT (163.812 -49.588)
09/20/1967,10:37:18,-20.729,169.932,Earthquake,100.0,,,6.2,MW,,,,,,,0,POINT (169.932 -20.729)
09/22/1967,10:18:00,44.626,149.487,Earthquake,40.6,,,6.2,MW,,,,,,,0,POINT (149.487 44.626)
09/26/1967,11:11:25,-33.463,-70.532,Earthquake,83.1,,,5.9,MW,,,,,,,14225287,POINT (-70.532 -33.463)
09/26/1967,16:11:24,-30.086,-71.446,Earthquake,50.0,,,6.2,MW,,,,,,,1316136,POINT (-71.446 -30.086)
09/28/1967,04:56:54,-6.52,153.465,Earthquake,15.0,,,6.2,MW,,,,,,,0,POINT (153.465 -6.52)
09/28/1967,15:44:56,59.335,-147.157,Earthquake,20.0,,,5.9,MW,,,,,,,0,POINT (-147.157 59.335)
09/30/1967,07:57:22,28.984,129.95,Earthquake,30.0,,,5.7,MW,,,,,,,56694,POINT (129.95 28.984)
10/03/1967,18:16:07,10.878,-85.964,Earthquake,30.0,,,6.2,MW,,,,,,,309938,POINT (-85.964 10.878)
10/04/1967,17:21:19,-5.631,153.959,Earthquake,25.0,,,6.8,MW,,,,,,,107156,POINT (153.959 -5.631)
10/07/1967,08:28:02,49.107,156.309,Earthquake,32.4,,,5.6,MW,,,,,,,0,POINT (156.309 49.107)
10/08/1967,16:59:36,-9.445,148.843,Earthquake,20.0,,,5.7,MW,,,,,,,15511,POINT (148.843 -9.445)
10/08/1967,18:08:15,-5.623,154.057,Earthquake,35.0,,,5.9,MW,,,,,,,107156,POINT (154.057 -5.623)
10/09/1967,17:21:49,-21.182,-179.186,Earthquake,636.8,,,7.2,MW,,,,,,,0,POINT (-179.186 -21.182)
10/11/1967,15:52:15,30.449,142.687,Earthquake,10.0,,,5.6,MW,,,,,,,0,POINT (142.687 30.449)
10/12/1967,06:35:08,-21.025,-179.146,Earthquake,642.9,,,5.6,MW,,,,,,,0,POINT (-179.146 -21.025)
10/12/1967,12:53:46,52.13,152.592,Earthquake,461.8,,,5.8,MW,,,,,,,0,POINT (152.592 52.13)
10/12/1967,18:31:43,-7.131,129.828,Earthquake,88.2,,,6.0,MW,,,,,,,0,POINT (129.828 -7.131)
10/15/1967,08:00:52,11.925,-85.872,Earthquake,160.4,,,7.1,MW,,,,,,,7903170,POINT (-85.872 11.925)
10/16/1967,16:58:03,1.715,127.493,Earthquake,125.0,,,5.7,MW,,,,,,,34100,POINT (127.493 1.715)
10/17/1967,21:05:24,17.241,121.886,Earthquake,35.0,,,5.7,MW,,,,,,,6872522,POINT (121.886 17.241)
10/18/1967,01:11:44,79.765,2.851,Earthquake,15.0,,,6.0,MW,,,,,,,0,POINT (2.851 79.765)
10/18/1967,22:06:26,-33.799,-179.34,Earthquake,35.0,,,5.7,MW,,,,,,,0,POINT (-179.34 -33.799)
10/25/1967,00:59:25,24.401,122.218,Earthquake,71.1,,,6.8,MW,,,,,,,6999565,POINT (122.218 24.401)
10/26/1967,00:22:24,24.416,122.275,Earthquake,75.0,,,5.7,MW,,,,,,,5586331,POINT (122.275 24.416)
11/01/1967,18:56:55,-4.624,135.649,Earthquake,15.0,,,5.7,MW,,,,,,,14522,POINT (135.649 -4.624)
11/04/1967,10:17:14,-17.727,-178.856,Earthquake,550.0,,,5.6,MW,,,,,,,0,POINT (-178.856 -17.727)
11/04/1967,13:26:47,37.317,141.846,Earthquake,35.0,,,6.0,MW,,,,,,,447310,POINT (141.846 37.317)
11/04/1967,14:30:39,43.523,144.316,Earthquake,30.0,,,6.7,MW,,,,,,,559915,POINT (144.316 43.523)
11/04/1967,14:46:03,43.502,144.261,Earthquake,30.0,,,5.6,MW,,,,,,,589620,POINT (144.261 43.502)
11/04/1967,16:26:49,-2.704,-77.631,Earthquake,93.7,,,6.1,MW,,,,,,,22430,POINT (-77.631 -2.704)
11/07/1967,03:49:20,-15.043,-172.636,Earthquake,46.7,,,5.6,MW,,,,,,,0,POINT (-172.636 -15.043)
11/08/1967,03:10:54,16.853,-85.789,Earthquake,20.0,,,5.6,MW,,,,,,,5000,POINT (-85.789 16.853)
11/08/1967,06:07:22,-5.233,133.932,Earthquake,30.0,,,5.6,MW,,,,,,,0,POINT (133.932 -5.233)
11/08/1967,17:09:29,51.094,178.524,Earthquake,30.0,,,5.8,MW,,,,,,,0,POINT (178.524 51.094)
11/09/1967,02:18:48,-7.163,123.752,Earthquake,584.2,,,6.2,MW,,,,,,,0,POINT (123.752 -7.163)
11/11/1967,12:14:57,-6.157,71.342,Earthquake,22.4,,,5.9,MW,,,,,,,3500,POINT (71.342 -6.157)
11/12/1967,10:36:51,-17.279,-171.847,Earthquake,15.0,,,6.4,MW,,,,,,,0,POINT (-171.847 -17.279)
11/14/1967,05:28:39,-5.46,147.112,Earthquake,210.0,,,5.9,MW,,,,,,,0,POINT (147.112 -5.46)
11/15/1967,21:31:56,-28.865,-71.369,Earthquake,34.8,,,6.3,MW,,,,,,,72763,POINT (-71.369 -28.865)
11/17/1967,04:58:57,28.381,-43.765,Earthquake,15.0,,,5.7,MW,,,,,,,0,POINT (-43.765 28.381)
11/19/1967,12:07:00,36.44,141.272,Earthquake,35.0,,,5.8,MW,,,,,,,2094580,POINT (141.272 36.44)
11/19/1967,17:29:20,-22.642,171.04,Earthquake,20.0,,,6.4,MW,,,,,,,0,POINT (171.04 -22.642)
11/21/1967,17:02:25,72.763,8.011,Earthquake,15.0,,,5.7,MW,,,,,,,0,POINT (8.011 72.763)
11/22/1967,15:19:26,-22.687,170.92,Earthquake,20.0,,,5.9,MW,,,,,,,0,POINT (170.92 -22.687)
11/23/1967,08:35:54,14.432,52.099,Earthquake,11.9,,,6.5,MW,,,,,,,0,POINT (52.099 14.432)
11/23/1967,13:42:04,80.161,-0.794,Earthquake,15.0,,,6.5,MW,,,,,,,0,POINT (-0.794 80.161)
11/26/1967,00:08:12,28.583,130.138,Earthquake,35.0,,,5.7,MW,,,,,,,66702,POINT (130.138 28.583)
11/26/1967,02:54:05,-8.046,112.981,Earthquake,145.0,,,5.7,MW,,,,,,,4933873,POINT (112.981 -8.046)
11/27/1967,05:13:14,-31.128,-71.396,Earthquake,60.5,,,5.6,MW,,,,,,,17567905,POINT (-71.396 -31.128)
11/28/1967,02:36:56,32.165,130.844,Earthquake,130.1,,,5.6,MW,,,,,,,5075332,POINT (130.844 32.165)
11/30/1967,07:23:52,41.386,20.532,Earthquake,20.0,,,6.7,MW,,,,,,,6609707,POINT (20.532 41.386)
12/01/1967,13:57:04,49.439,154.435,Earthquake,143.0,,,6.3,MW,,,,,,,0,POINT (154.435 49.439)
12/07/1967,09:49:37,-14.591,167.312,Earthquake,140.0,,,5.6,MW,,,,,,,1376,POINT (167.312 -14.591)
12/09/1967,10:50:45,-10.862,164.226,Earthquake,10.0,,,5.8,MW,,,,,,,0,POINT (164.226 -10.862)
12/10/1967,12:06:55,40.478,-124.656,Earthquake,20.0,,,5.6,MW,,,,,,,79010,POINT (-124.656 40.478)
12/10/1967,22:51:23,17.412,73.885,Earthquake,15.0,,,6.6,MW,,,,,,,1938544,POINT (73.885 17.412)
12/13/1967,10:38:26,47.594,152.727,Earthquake,140.0,,,5.8,MW,,,,,,,0,POINT (152.727 47.594)
12/13/1967,19:07:14,-19.164,168.656,Earthquake,40.0,,,5.7,MW,,,,,,,1030,POINT (168.656 -19.164)
12/16/1967,20:54:03,51.22,157.619,Earthquake,50.0,,,6.0,MW,,,,,,,2183,POINT (157.619 51.22)
12/18/1967,14:04:22,12.062,143.799,Earthquake,20.0,,,5.7,MW,,,,,,,0,POINT (143.799 12.062)
12/21/1967,02:25:26,-21.865,-69.939,Earthquake,45.0,,,7.3,MW,,,,,,,30857,POINT (-69.939 -21.865)
12/23/1967,13:23:15,-5.206,151.831,Earthquake,45.0,,,5.9,MW,,,,,,,72676,POINT (151.831 -5.206)
12/24/1967,20:03:12,17.351,-61.232,Earthquake,15.0,,,6.4,MW,,,,,,,103138,POINT (-61.232 17.351)
12/24/1967,21:32:33,17.543,-61.31,Earthquake,15.0,,,6.2,MW,,,,,,,103138,POINT (-61.31 17.543)
12/25/1967,01:23:32,-5.208,153.742,Earthquake,35.0,,,7.2,MW,,,,,,,0,POINT (153.742 -5.208)
12/25/1967,10:41:32,-21.58,-70.299,Earthquake,46.4,,,6.3,MW,,,,,,,26696,POINT (-70.299 -21.58)
12/27/1967,09:17:54,-21.362,-68.311,Earthquake,114.7,,,6.7,MW,,,,,,,11053,POINT (-68.311 -21.362)
12/27/1967,16:22:47,-22.548,-174.673,Earthquake,15.0,,,6.5,MW,,,,,,,0,POINT (-174.673 -22.548)
12/31/1967,15:05:33,-7.103,154.844,Earthquake,10.0,,,5.7,MW,,,,,,,0,POINT (154.844 -7.103)
01/02/1968,00:21:12,-5.175,153.421,Earthquake,60.0,,,5.9,MW,,,,,,,0,POINT (153.421 -5.175)
01/04/1968,00:57:44,52.226,-171.468,Earthquake,26.0,,,6.1,MW,,,,,,,0,POINT (-171.468 52.226)
01/04/1968,10:27:39,-9.779,148.835,Earthquake,15.0,,,5.8,MW,,,,,,,0,POINT (148.835 -9.779)
01/06/1968,23:27:23,-27.845,-70.873,Earthquake,30.0,,,6.4,MW,,,,,,,519903,POINT (-70.873 -27.845)
01/07/1968,09:56:41,-5.042,153.961,Earthquake,116.6,,,5.7,MW,,,,,,,105467,POINT (153.961 -5.042)
01/07/1968,11:12:31,33.623,141.938,Earthquake,15.0,,,6.0,MW,,,,,,,0,POINT (141.938 33.623)
01/13/1968,07:03:45,23.965,122.161,Earthquake,35.0,,,6.1,MW,,,,,,,681502,POINT (122.161 23.965)
01/13/1968,16:07:04,-24.28,-67.006,Earthquake,179.2,,,5.7,MW,,,,,,,7479,POINT (-67.006 -24.28)
01/14/1968,12:25:11,-7.552,127.871,Earthquake,116.0,,,6.0,MW,,,,,,,0,POINT (127.871 -7.552)
01/14/1968,12:40:46,52.619,-171.445,Earthquake,10.0,,,5.6,MW,,,,,,,0,POINT (-171.445 52.619)
01/14/1968,17:43:08,52.53,-171.418,Earthquake,10.0,,,6.2,MW,,,,,,,0,POINT (-171.418 52.53)
01/15/1968,02:01:06,37.702,13.033,Earthquake,10.0,,,6.4,MW,,,,,,,7089126,POINT (13.033 37.702)
01/19/1968,06:04:39,-9.213,158.542,Earthquake,27.5,,,6.7,MW,,,,,,,0,POINT (158.542 -9.213)
01/19/1968,14:39:39,-42.559,-75.278,Earthquake,17.5,,,5.7,MW,,,,,,,654,POINT (-75.278 -42.559)
01/20/1968,16:41:30,-16.097,178.131,Earthquake,20.0,,,5.7,MW,,,,,,,0,POINT (178.131 -16.097)
01/20/1968,21:21:33,-30.116,-179.547,Earthquake,356.6,,,6.1,MW,,,,,,,0,POINT (-179.547 -30.116)
01/21/1968,16:42:30,-1.352,-14.249,Earthquake,21.2,,,6.5,MW,,,,,,,0,POINT (-14.249 -1.352)
01/26/1968,04:45:44,-8.875,120.265,Earthquake,30.6,,,6.8,MW,,,,,,,386166,POINT (120.265 -8.875)
01/29/1968,05:00:10,36.448,70.451,Earthquake,212.0,,,5.6,MW,,,,,,,1046600,POINT (70.451 36.448)
01/29/1968,10:19:07,43.566,146.741,Earthquake,36.9,,,7.4,MW,,,,,,,35946,POINT (146.741 43.566)
01/29/1968,16:42:51,43.343,147.259,Earthquake,33.0,,,6.1,MW,,,,,,,3800,POINT (147.259 43.343)
01/30/1968,01:48:28,43.246,147.701,Earthquake,15.0,,,5.9,MW,,,,,,,2285,POINT (147.701 43.246)
01/30/1968,03:44:25,-6.066,113.373,Earthquake,596.0,,,6.3,MW,,,,,,,0,POINT (113.373 -6.066)
02/01/1968,12:47:25,43.203,146.986,Earthquake,36.0,,,5.6,MW,,,,,,,3800,POINT (146.986 43.203)
02/03/1968,03:26:17,46.606,152.761,Earthquake,35.0,,,5.7,MW,,,,,,,0,POINT (152.761 46.606)
02/03/1968,05:36:18,16.578,-99.533,Earthquake,25.0,,,5.8,MW,,,,,,,745592,POINT (-99.533 16.578)
02/04/1968,11:00:50,43.05,147.283,Earthquake,23.5,,,6.6,MW,,,,,,,3800,POINT (147.283 43.05)
02/06/1968,04:37:19,-0.135,124.145,Earthquake,100.0,,,5.6,MW,,,,,,,127202,POINT (124.145 -0.135)
02/06/1968,11:19:27,-28.59,-70.999,Earthquake,45.0,,,5.6,MW,,,,,,,72271,POINT (-70.999 -28.59)
02/10/1968,10:00:04,46.026,152.189,Earthquake,60.0,,,5.6,MW,,,,,,,0,POINT (152.189 46.026)
02/12/1968,05:44:45,-5.42,153.368,Earthquake,30.0,,,7.3,MW,,,,,,,0,POINT (153.368 -5.42)
02/13/1968,02:12:35,-5.48,131.26,Earthquake,85.0,,,5.7,MW,,,,,,,0,POINT (131.26 -5.48)
02/19/1968,13:55:09,-5.469,153.269,Earthquake,30.0,,,5.7,MW,,,,,,,0,POINT (153.269 -5.469)
02/19/1968,22:45:45,39.368,24.957,Earthquake,15.0,,,7.2,MW,,,,,,,8955,POINT (24.957 39.368)
02/20/1968,02:19:50,12.343,-47.01,Earthquake,10.0,,,5.8,MW,,,,,,,0,POINT (-47.01 12.343)
02/21/1968,01:44:54,32.066,130.712,Earthquake,10.0,,,6.2,MW,,,,,,,4842511,POINT (130.712 32.066)
02/21/1968,08:57:53,-4.04,128.531,Earthquake,35.0,,,5.6,MW,,,,,,,281888,POINT (128.531 -4.04)
02/24/1968,01:11:12,-32.637,-177.479,Earthquake,20.0,,,5.7,MW,,,,,,,0,POINT (-177.479 -32.637)
02/25/1968,20:00:32,37.586,141.65,Earthquake,65.5,,,5.6,MW,,,,,,,1683204,POINT (141.65 37.586)
02/26/1968,10:50:19,22.733,121.368,Earthquake,25.0,,,7.1,MW,,,,,,,1256511,POINT (121.368 22.733)
02/27/1968,05:19:04,12.194,140.638,Earthquake,26.3,,,5.8,MW,,,,,,,0,POINT (140.638 12.194)
02/27/1968,10:54:39,12.117,140.757,Earthquake,25.0,,,5.9,MW,,,,,,,0,POINT (140.757 12.117)
02/28/1968,12:08:02,32.928,137.82,Earthquake,344.1,,,6.3,MW,,,,,,,0,POINT (137.82 32.928)
03/02/1968,22:02:24,-6.164,71.374,Earthquake,15.0,,,5.9,MW,,,,,,,3500,POINT (71.374 -6.164)
03/03/1968,22:55:36,1.584,122.452,Earthquake,422.7,,,5.7,MW,,,,,,,0,POINT (122.452 1.584)
03/05/1968,18:16:38,9.507,126.415,Earthquake,35.0,,,6.3,MW,,,,,,,2087208,POINT (126.415 9.507)
03/05/1968,18:38:05,9.526,126.196,Earthquake,35.0,,,6.1,MW,,,,,,,3275046,POINT (126.196 9.526)
03/07/1968,13:22:19,-5.897,151.013,Earthquake,45.0,,,6.3,MW,,,,,,,95677,POINT (151.013 -5.897)
03/09/1968,03:19:23,-5.603,154.093,Earthquake,75.0,,,5.7,MW,,,,,,,107156,POINT (154.093 -5.603)
03/10/1968,03:49:34,51.955,-177.212,Earthquake,70.0,,,5.5,MW,,,,,,,171,POINT (-177.212 51.955)
03/10/1968,07:11:22,-36.391,179.575,Earthquake,70.0,,,5.8,MW,,,,,,,0,POINT (179.575 -36.391)
03/11/1968,08:26:33,-16.212,-173.889,Earthquake,109.1,,,6.4,MW,,,,,,,759,POINT (-173.889 -16.212)
03/17/1968,20:14:34,3.204,128.182,Earthquake,65.0,,,6.1,MW,,,,,,,0,POINT (128.182 3.204)
03/22/1968,01:55:44,-20.624,-69.119,Earthquake,95.8,,,5.6,MW,,,,,,,310985,POINT (-69.119 -20.624)
03/22/1968,09:15:10,13.255,145.77,Earthquake,25.0,,,5.7,MW,,,,,,,0,POINT (145.77 13.255)
03/26/1968,00:42:00,-6.626,116.161,Earthquake,554.4,,,6.1,MW,,,,,,,0,POINT (116.161 -6.626)
03/26/1968,19:40:43,8.103,126.317,Earthquake,84.8,,,5.8,MW,,,,,,,6393185,POINT (126.317 8.103)
03/27/1968,04:52:47,47.914,154.053,Earthquake,45.0,,,5.6,MW,,,,,,,0,POINT (154.053 47.914)
03/27/1968,22:36:43,-4.178,133.149,Earthquake,17.5,,,5.7,MW,,,,,,,13613,POINT (133.149 -4.178)
04/01/1968,00:42:07,32.449,132.269,Earthquake,34.2,,,7.5,MW,,,,,,,1086108,POINT (132.269 32.449)
04/01/1968,07:13:19,32.241,132.136,Earthquake,30.0,,,6.8,MW,,,,,,,949004,POINT (132.136 32.241)
04/07/1968,04:40:21,51.359,176.55,Earthquake,36.4,,,5.9,MW,,,,,,,0,POINT (176.55 51.359)
04/09/1968,02:29:00,33.1798333,-116.103,Earthquake,10.0,31.61,15.0,6.6,MW,,0.0,128.0,0.6012,0.88,0.33,2871621,POINT (-116.103 33.1798333)
04/14/1968,08:37:11,33.514,141.763,Earthquake,24.2,,,5.6,MW,,,,,,,0,POINT (141.763 33.514)
04/19/1968,09:04:26,-42.68,-16.088,Earthquake,10.0,,,5.8,MW,,,,,,,0,POINT (-16.088 -42.68)
04/20/1968,12:25:09,-15.676,-172.705,Earthquake,15.0,,,6.3,MW,,,,,,,0,POINT (-172.705 -15.676)
04/21/1968,08:34:03,38.621,143.286,Earthquake,25.0,,,6.3,MW,,,,,,,0,POINT (143.286 38.621)
04/23/1968,20:29:15,58.645,-150.086,Earthquake,20.1,,,6.2,MW,,,,,,,0,POINT (-150.086 58.645)
04/26/1968,00:42:35,-15.575,-172.91,Earthquake,30.0,,,6.2,MW,,,,,,,43,POINT (-172.91 -15.575)
04/26/1968,15:00:02,37.2953333,-116.4556667,Nuclear Explosion,1.2,31.61,17.0,5.63,ML,0.125,6.0,261.0,1.438,99.0,1.03,2247,POINT (-116.4556667 37.2953333)
04/26/1968,17:47:59,18.462,-103.528,Earthquake,30.0,,,6.1,MW,,,,,,,536487,POINT (-103.528 18.462)
04/28/1968,04:18:14,44.757,174.533,Earthquake,15.0,,,5.5,MW,,,,,,,0,POINT (174.533 44.757)
05/02/1968,05:29:39,18.682,-69.641,Earthquake,82.3,,,5.9,MW,,,,,,,17790755,POINT (-69.641 18.682)
05/02/1968,23:26:04,-6.348,129.915,Earthquake,125.3,,,5.7,MW,,,,,,,0,POINT (129.915 -6.348)
05/03/1968,05:32:47,25.191,124.636,Earthquake,97.4,,,5.7,MW,,,,,,,54197,POINT (124.636 25.191)
05/07/1968,09:00:29,6.741,-73.002,Earthquake,159.4,,,5.7,MW,,,,,,,4333723,POINT (-73.002 6.741)
05/08/1968,11:00:05,-58.011,157.724,Earthquake,15.0,,,5.6,MW,,,,,,,0,POINT (157.724 -58.011)
05/08/1968,12:17:13,43.597,-128.135,Earthquake,10.0,,,6.4,MW,,,,,,,0,POINT (-128.135 43.597)
05/09/1968,12:52:24,-5.348,-81.835,Earthquake,18.8,,,5.7,MW,,,,,,,95958,POINT (-81.835 -5.348)
05/11/1968,15:33:39,-6.34,147.107,Earthquake,50.0,,,5.8,MW,,,,,,,301946,POINT (147.107 -6.34)
05/14/1968,14:05:06,29.938,129.445,Earthquake,160.1,,,6.7,MW,,,,,,,756,POINT (129.445 29.938)
05/15/1968,07:51:18,-15.894,26.113,Earthquake,25.7,,,5.6,MW,,,,,,,1963206,POINT (26.113 -15.894)
05/15/1968,15:00:31,-29.787,-179.035,Earthquake,20.0,,,5.6,MW,,,,,,,0,POINT (-179.035 -29.787)
05/16/1968,00:49:02,40.86,143.435,Earthquake,29.9,,,8.2,MW,,,,,,,0,POINT (143.435 40.86)
05/16/1968,01:04:56,41.11,143.5,Earthquake,25.0,,,6.0,MW,,,,,,,769,POINT (143.5 41.11)
05/16/1968,06:36:52,41.097,143.204,Earthquake,30.0,,,5.8,MW,,,,,,,769,POINT (143.204 41.097)
05/16/1968,08:58:14,41.444,142.815,Earthquake,29.3,,,6.1,MW,,,,,,,44136,POINT (142.815 41.444)
05/16/1968,10:39:02,41.43,142.864,Earthquake,25.0,,,7.9,MW,,,,,,,43303,POINT (142.864 41.43)
05/16/1968,16:13:46,39.856,143.745,Earthquake,25.0,,,6.5,MW,,,,,,,0,POINT (143.745 39.856)
05/16/1968,18:43:22,40.82,142.198,Earthquake,59.3,,,5.7,MW,,,,,,,640364,POINT (142.198 40.82)
05/16/1968,19:16:48,41.35,142.614,Earthquake,43.3,,,6.1,MW,,,,,,,39811,POINT (142.614 41.35)
05/16/1968,19:45:07,12.678,141.471,Earthquake,20.0,,,5.7,MW,,,,,,,0,POINT (141.471 12.678)
05/16/1968,20:22:16,41.506,142.717,Earthquake,37.1,,,6.1,MW,,,,,,,88258,POINT (142.717 41.506)
05/16/1968,23:04:58,39.808,143.233,Earthquake,43.0,,,6.5,MW,,,,,,,0,POINT (143.233 39.808)
05/17/1968,10:42:47,39.698,143.516,Earthquake,27.8,,,6.1,MW,,,,,,,0,POINT (143.516 39.698)
05/17/1968,16:02:24,40.699,144.192,Earthquake,20.0,,,6.3,MW,,,,,,,0,POINT (144.192 40.699)
05/17/1968,18:17:09,39.684,143.366,Earthquake,34.9,,,6.1,MW,,,,,,,0,POINT (143.366 39.684)
05/18/1968,01:02:28,-55.446,-27.854,Earthquake,15.0,,,5.8,MW,,,,,,,0,POINT (-27.854 -55.446)
05/19/1968,04:12:38,35.626,141.955,Earthquake,20.0,,,6.3,MW,,,,,,,0,POINT (141.955 35.626)
05/19/1968,22:16:49,40.941,143.458,Earthquake,37.4,,,6.1,MW,,,,,,,0,POINT (143.458 40.941)
05/20/1968,03:16:20,40.15,144.063,Earthquake,15.0,,,5.9,MW,,,,,,,0,POINT (144.063 40.15)
05/20/1968,07:13:09,-30.799,-178.11,Earthquake,55.0,,,7.0,MW,,,,,,,0,POINT (-178.11 -30.799)
05/20/1968,10:34:20,48.737,154.903,Earthquake,51.9,,,5.8,MW,,,,,,,0,POINT (154.903 48.737)
05/20/1968,20:05:51,-30.725,-178.087,Earthquake,50.0,,,6.9,MW,,,,,,,0,POINT (-178.087 -30.725)
05/20/1968,21:09:46,44.822,150.219,Earthquake,28.3,,,7.0,MW,,,,,,,0,POINT (150.219 44.822)
05/21/1968,00:19:35,44.758,150.255,Earthquake,35.0,,,5.9,MW,,,,,,,0,POINT (150.255 44.758)
05/21/1968,04:11:26,41.162,143.667,Earthquake,30.0,,,5.6,MW,,,,,,,769,POINT (143.667 41.162)
05/21/1968,08:20:02,44.878,150.186,Earthquake,31.3,,,6.3,MW,,,,,,,0,POINT (150.186 44.878)
05/21/1968,11:00:46,44.737,150.244,Earthquake,30.0,,,5.8,MW,,,,,,,0,POINT (150.244 44.737)
05/22/1968,10:51:55,41.529,143.031,Earthquake,45.1,,,6.0,MW,,,,,,,51457,POINT (143.031 41.529)
05/22/1968,19:29:28,40.25,142.51,Earthquake,48.5,,,6.0,MW,,,,,,,413476,POINT (142.51 40.25)
05/23/1968,17:24:18,-41.659,172.02,Earthquake,20.0,,,7.2,MW,,,,,,,4450975,POINT (172.02 -41.659)
05/24/1968,14:06:24,40.881,143.178,Earthquake,27.6,,,6.6,MW,,,,,,,0,POINT (143.178 40.881)
05/24/1968,15:43:56,-6.799,118.853,Earthquake,619.1,,,6.2,MW,,,,,,,0,POINT (118.853 -6.799)
05/24/1968,20:57:26,-41.939,171.999,Earthquake,15.0,,,5.7,MW,,,,,,,4458632,POINT (171.999 -41.939)
05/25/1968,11:52:58,40.179,143.29,Earthquake,31.8,,,6.1,MW,,,,,,,0,POINT (143.29 40.179)
05/28/1968,09:06:31,-30.786,-177.63,Earthquake,30.0,,,5.9,MW,,,,,,,0,POINT (-177.63 -30.786)
05/28/1968,13:27:19,-2.85,139.353,Earthquake,45.0,,,7.5,MW,,,,,,,0,POINT (139.353 -2.85)
05/28/1968,22:30:00,52.215,172.763,Earthquake,20.5,,,5.7,MW,,,,,,,0,POINT (172.763 52.215)
05/30/1968,05:23:48,44.65,150.259,Earthquake,24.2,,,5.9,MW,,,,,,,0,POINT (150.259 44.65)
05/30/1968,19:42:26,-30.928,-177.397,Earthquake,35.0,,,6.4,MW,,,,,,,0,POINT (-177.397 -30.928)
06/01/1968,10:31:50,40.252,142.397,Earthquake,45.0,,,5.8,MW,,,,,,,553273,POINT (142.397 40.252)
06/02/1968,08:18:37,-8.076,158.673,Earthquake,35.0,,,5.7,MW,,,,,,,0,POINT (158.673 -8.076)
06/03/1968,14:16:19,45.445,148.584,Earthquake,155.0,,,5.6,MW,,,,,,,6378,POINT (148.584 45.445)
06/07/1968,11:57:34,-1.916,120.094,Earthquake,35.0,,,6.7,MW,,,,,,,71537,POINT (120.094 -1.916)
06/07/1968,21:30:55,-2.078,120.462,Earthquake,38.0,,,6.2,MW,,,,,,,71537,POINT (120.462 -2.078)
06/08/1968,00:16:39,-8.74,157.558,Earthquake,15.0,,,5.7,MW,,,,,,,0,POINT (157.558 -8.74)
06/08/1968,05:29:48,43.54,147.096,Earthquake,40.0,,,5.9,MW,,,,,,,3800,POINT (147.096 43.54)
06/08/1968,23:24:03,-48.946,31.122,Earthquake,15.0,,,6.2,MW,,,,,,,0,POINT (31.122 -48.946)
06/10/1968,12:41:07,56.28,-161.493,Earthquake,186.1,,,5.7,MW,,,,,,,45,POINT (-161.493 56.28)
06/12/1968,13:41:53,39.503,143.07,Earthquake,32.1,,,7.0,MW,,,,,,,66195,POINT (143.07 39.503)
06/12/1968,20:15:49,-0.591,132.909,Earthquake,35.0,,,5.7,MW,,,,,,,7406,POINT (132.909 -0.591)
06/12/1968,21:57:42,39.362,142.955,Earthquake,27.5,,,6.3,MW,,,,,,,110032,POINT (142.955 39.362)
06/13/1968,11:56:24,39.235,143.187,Earthquake,30.0,,,5.6,MW,,,,,,,0,POINT (143.187 39.235)
06/13/1968,21:10:37,39.421,143.097,Earthquake,30.0,,,6.2,MW,,,,,,,15826,POINT (143.097 39.421)
06/14/1968,11:52:39,39.306,142.992,Earthquake,24.5,,,5.7,MW,,,,,,,110032,POINT (142.992 39.306)
06/14/1968,12:17:25,45.25,153.351,Earthquake,10.0,,,5.7,MW,,,,,,,0,POINT (153.351 45.25)
06/15/1968,05:59:05,26.88,126.514,Earthquake,140.0,,,5.6,MW,,,,,,,10450,POINT (126.514 26.88)
06/15/1968,07:08:49,5.591,-82.549,Earthquake,10.0,,,6.2,MW,,,,,,,0,POINT (-82.549 5.591)
06/15/1968,11:27:33,51.633,159.325,Earthquake,30.0,,,5.7,MW,,,,,,,0,POINT (159.325 51.633)
06/16/1968,19:14:05,-53.827,8.766,Earthquake,10.0,,,5.9,MW,,,,,,,0,POINT (8.766 -53.827)
06/17/1968,11:53:01,41.054,143.259,Earthquake,37.6,,,6.3,MW,,,,,,,491,POINT (143.259 41.054)
06/17/1968,18:09:37,-12.301,166.567,Earthquake,50.0,,,6.3,MW,,,,,,,0,POINT (166.567 -12.301)
06/17/1968,18:57:30,38.745,143.918,Earthquake,25.0,,,6.4,MW,,,,,,,0,POINT (143.918 38.745)
06/19/1968,08:13:35,-5.61,-77.086,Earthquake,15.0,,,6.8,MW,,,,,,,110040,POINT (-77.086 -5.61)
06/19/1968,19:58:03,-44.054,-75.583,Earthquake,20.0,,,5.8,MW,,,,,,,0,POINT (-75.583 -44.054)
06/20/1968,02:38:37,-5.573,-77.184,Earthquake,15.0,,,5.7,MW,,,,,,,110040,POINT (-77.184 -5.573)
06/21/1968,00:26:08,-5.705,-77.258,Earthquake,15.0,,,5.7,MW,,,,,,,145066,POINT (-77.258 -5.705)
06/22/1968,01:12:33,40.406,143.767,Earthquake,18.2,,,6.1,MW,,,,,,,0,POINT (143.767 40.406)
06/25/1968,23:33:20,39.585,143.587,Earthquake,20.7,,,5.8,MW,,,,,,,0,POINT (143.587 39.585)
06/26/1968,10:23:51,42.037,142.897,Earthquake,45.0,,,5.8,MW,,,,,,,175733,POINT (142.897 42.037)
06/26/1968,15:40:31,-22.207,171.315,Earthquake,80.0,,,5.9,MW,,,,,,,0,POINT (171.315 -22.207)
07/01/1968,10:45:12,35.999,139.348,Earthquake,60.6,,,6.1,MW,,,,,,,192254444,POINT (139.348 35.999)
07/02/1968,03:44:52,17.515,-100.273,Earthquake,57.9,,,6.4,MW,,,,,,,1078047,POINT (-100.273 17.515)
07/02/1968,04:30:53,-29.915,-177.69,Earthquake,55.0,,,5.7,MW,,,,,,,0,POINT (-177.69 -29.915)
07/02/1968,18:40:10,-2.712,138.891,Earthquake,45.0,,,6.0,MW,,,,,,,11633,POINT (138.891 -2.712)
07/05/1968,11:28:14,38.478,142.153,Earthquake,47.0,,,6.3,MW,,,,,,,514551,POINT (142.153 38.478)
07/06/1968,19:29:00,-6.477,133.887,Earthquake,55.0,,,5.8,MW,,,,,,,0,POINT (133.887 -6.477)
07/10/1968,11:16:45,-36.772,78.413,Earthquake,15.0,,,6.0,MW,,,,,,,0,POINT (78.413 -36.772)
07/10/1968,20:40:31,40.211,143.472,Earthquake,20.0,,,5.9,MW,,,,,,,0,POINT (143.472 40.211)
07/12/1968,00:44:37,39.554,143.238,Earthquake,21.8,,,6.0,MW,,,,,,,0,POINT (143.238 39.554)
07/12/1968,03:56:28,39.623,143.277,Earthquake,19.9,,,6.0,MW,,,,,,,0,POINT (143.277 39.623)
07/17/1968,05:24:15,-8.619,125.008,Earthquake,12.4,,,5.9,MW,,,,,,,369026,POINT (125.008 -8.619)
07/19/1968,04:56:26,8.727,93.626,Earthquake,15.0,,,5.8,MW,,,,,,,0,POINT (93.626 8.727)
07/21/1968,06:09:42,-3.112,150.6,Earthquake,15.0,,,5.7,MW,,,,,,,18000,POINT (150.6 -3.112)
07/22/1968,05:09:14,-54.73,1.5,Earthquake,10.0,,,6.0,MW,,,,,,,0,POINT (1.5 -54.73)
07/22/1968,17:58:33,-20.154,169.011,Earthquake,38.4,,,5.6,MW,,,,,,,230,POINT (169.011 -20.154)
07/23/1968,23:02:39,40.387,143.505,Earthquake,26.7,,,6.0,MW,,,,,,,0,POINT (143.505 40.387)
07/25/1968,07:23:07,-30.725,-178.217,Earthquake,45.0,,,7.3,MW,,,,,,,0,POINT (-178.217 -30.725)
07/25/1968,10:50:33,45.558,146.861,Earthquake,17.3,,,5.8,MW,,,,,,,6378,POINT (146.861 45.558)
07/27/1968,10:51:32,-19.188,176.024,Earthquake,15.0,,,5.7,MW,,,,,,,0,POINT (176.024 -19.188)
07/28/1968,21:12:40,55.42,166.565,Earthquake,23.6,,,6.1,MW,,,,,,,615,POINT (166.565 55.42)
