Date,Time,Magnitude,Depth,population_impacted,dangerosite_adjusted
01/02/1965,13:44:18,6.0,0.20403100775193797,0.0,faible
01/04/1965,11:29:49,5.8,0.12403100775193798,2.410582288282407e-05,elevee
01/05/1965,18:05:58,6.2,0.031007751937984496,3.3917811786448644e-06,elevee
01/08/1965,18:49:43,5.8,0.023255813953488372,0.0,faible
01/09/1965,13:32:50,5.8,0.023255813953488372,3.1231532403611946e-06,elevee
01/10/1965,13:36:32,6.7,0.05426356589147287,3.435609947522726e-07,faible
01/12/1965,13:32:25,5.9,0.031007751937984496,0.0015885546412561754,moderee
01/15/1965,23:17:42,6.0,0.05426356589147287,3.435609947522726e-07,faible
01/16/1965,11:32:37,6.0,0.14728682170542637,0.0,faible
01/17/1965,10:43:17,5.8,0.875968992248062,0.0,faible
01/17/1965,20:57:41,5.9,0.35333333333333333,0.0011136041873112245,moderee
01/24/1965,00:11:17,8.2,0.031007751937984496,0.0,moderee
01/29/1965,09:35:30,5.5,0.08527131782945736,0.0,faible
02/01/1965,05:27:06,5.6,0.7486821705426356,0.0,faible
02/02/1965,15:56:51,6.0,0.023255813953488372,6.440001362537457e-06,elevee
02/04/1965,03:25:00,6.1,0.015503875968992248,0.0,faible
02/04/1965,05:01:22,8.7,0.04697674418604651,0.0,moderee
02/04/1965,06:04:59,6.0,0.046511627906976744,0.0,faible
02/04/1965,06:37:06,5.7,0.03875968992248062,0.0,faible
02/04/1965,06:39:32,5.8,0.03875968992248062,0.0,faible
02/04/1965,07:11:23,5.9,0.03875968992248062,0.0,faible
02/04/1965,07:14:59,5.9,0.031007751937984496,0.0,faible
02/04/1965,07:23:12,5.7,0.015503875968992248,0.0,faible
02/04/1965,07:43:43,5.7,0.037209302325581395,0.0,faible
02/04/1965,08:06:17,5.7,0.04930232558139535,0.0,faible
02/04/1965,08:33:41,5.6,0.031007751937984496,0.0,faible
02/04/1965,08:40:44,7.3,0.046511627906976744,0.0,moderee
02/04/1965,12:06:08,6.5,0.046511627906976744,0.0,faible
02/04/1965,12:50:59,5.6,0.031007751937984496,0.0,faible
02/04/1965,14:18:29,6.4,0.03875968992248062,0.0,faible
02/04/1965,15:51:25,5.8,0.03875968992248062,0.0,faible
02/04/1965,18:34:12,5.8,0.03875968992248062,0.0,faible
02/04/1965,19:44:04,5.8,0.015503875968992248,0.0,faible
02/04/1965,22:30:03,5.7,0.015503875968992248,0.0,faible
02/05/1965,06:39:50,5.7,0.03875968992248062,0.0,faible
02/05/1965,09:32:11,6.3,0.06124031007751938,0.0,faible
02/05/1965,13:38:47,5.7,0.046511627906976744,0.0,faible
02/05/1965,20:47:12,6.0,0.031007751937984496,0.0,faible
02/05/1965,22:16:02,5.6,0.04713178294573643,0.0,faible
02/06/1965,01:40:32,6.4,0.027596899224806203,0.0,faible
02/06/1965,04:02:54,6.2,0.042945736434108525,0.0,faible
02/06/1965,07:14:45,5.6,0.04666666666666667,0.0,faible
02/06/1965,12:22:28,5.7,0.057984496124031004,0.0,faible
02/06/1965,14:11:11,5.7,0.027131782945736434,0.0,faible
02/06/1965,16:50:29,6.3,0.03488372093023256,0.0,faible
02/06/1965,18:10:30,5.8,0.03906976744186046,0.0,faible
02/07/1965,02:17:08,5.7,0.027441860465116277,0.0,faible
02/07/1965,04:11:22,5.7,0.03875968992248062,0.0,faible
02/07/1965,09:25:52,5.8,0.03875968992248062,0.0,faible
02/08/1965,15:46:52,5.9,0.050387596899224806,4.34753110643308e-07,faible
02/09/1965,05:42:05,5.6,0.31007751937984496,7.281230958741581e-07,faible
02/09/1965,17:37:17,6.0,0.046511627906976744,0.0,faible
02/12/1965,00:55:10,5.8,0.03875968992248062,0.0,faible
02/15/1965,01:25:07,5.8,0.031007751937984496,0.0,faible
02/15/1965,10:43:29,5.9,0.15503875968992248,0.0,faible
02/16/1965,12:24:10,5.7,0.08294573643410853,0.0007665121490017757,moderee
02/17/1965,10:18:51,5.7,0.046511627906976744,0.0,faible
02/17/1965,18:23:57,5.6,0.5271317829457365,0.0,faible
02/18/1965,04:26:37,5.6,0.08527131782945736,0.0006037243253174988,moderee
02/18/1965,22:39:48,5.9,0.05426356589147287,0.0,faible
02/18/1965,23:13:40,5.8,0.06263565891472868,0.0,faible
02/21/1965,11:14:18,5.8,0.05426356589147287,0.0,faible
02/23/1965,22:11:47,7.0,0.05426356589147287,1.6728451398802017e-05,elevee
02/25/1965,04:51:29,6.2,0.06201550387596899,3.274503876115231e-05,elevee
02/25/1965,05:22:14,6.2,0.031472868217054265,0.0,faible
02/26/1965,23:36:14,5.6,0.24806201550387597,0.0030683305196512597,moderee
02/27/1965,07:46:25,6.0,0.015503875968992248,1.597982774974305e-05,elevee
03/01/1965,07:20:56,5.9,0.046511627906976744,3.0145710000444268e-05,elevee
03/01/1965,08:18:57,5.7,0.046511627906976744,1.7734392336111654e-05,elevee
03/01/1965,09:08:48,5.5,0.06201550387596899,3.274503876115231e-05,elevee
03/01/1965,13:20:57,5.6,0.046511627906976744,1.7734392336111654e-05,elevee
03/01/1965,19:22:04,5.7,0.052093023255813956,0.0,faible
03/01/1965,21:32:14,5.6,0.16310077519379845,0.0006534975477033275,moderee
03/02/1965,22:00:05,5.8,0.015503875968992248,0.008890416225657942,moderee
03/03/1965,14:39:02,5.6,0.023255813953488372,0.0,faible
03/03/1965,15:14:08,6.7,0.022945736434108528,4.404720580662419e-05,elevee
03/03/1965,16:47:28,6.3,0.039844961240310076,0.0,faible
03/04/1965,01:48:56,5.7,0.31007751937984496,0.0,faible
03/05/1965,06:15:04,5.5,0.046511627906976744,0.0,faible
03/05/1965,13:42:47,5.6,0.05426356589147287,0.0,faible
03/05/1965,14:32:18,5.8,0.8694573643410852,1.4685465236591999e-05,moderee
03/05/1965,17:59:16,5.6,0.05426356589147287,0.0,faible
03/06/1965,11:10:51,5.6,0.015503875968992248,0.0,faible
03/06/1965,20:23:57,5.8,0.06976744186046512,4.5060922815831514e-05,elevee
03/07/1965,01:43:11,6.0,0.07751937984496124,0.0,faible
03/09/1965,17:57:55,6.1,0.023255813953488372,0.00027831904461506687,moderee
03/13/1965,07:33:24,5.7,0.031007751937984496,0.0,faible
03/14/1965,15:53:07,7.4,0.3221705426356589,0.0006057185343014415,moderee
03/15/1965,02:02:09,5.8,0.023255813953488372,0.005103404175247568,moderee
03/16/1965,16:46:17,6.4,0.04976744186046512,0.0,faible
03/17/1965,14:27:15,6.0,0.03875968992248062,0.0,faible
03/18/1965,06:22:12,6.3,0.34868217054263567,7.35192252144781e-05,elevee
03/18/1965,12:40:45,5.7,0.05426356589147287,0.0,faible
03/19/1965,16:20:53,6.0,0.06201550387596899,4.361810802099738e-05,elevee
03/21/1965,11:08:19,6.3,0.044806201550387594,0.0,faible
03/22/1965,02:44:49,6.5,0.047286821705426356,5.365489609402776e-07,faible
03/22/1965,22:56:27,6.2,0.07565891472868216,0.011956447855689995,moderee
03/23/1965,23:54:05,6.2,0.03875968992248062,5.365489609402776e-07,faible
03/24/1965,22:42:12,5.7,0.08527131782945736,0.002179228597182477,moderee
03/28/1965,13:23:01,5.8,0.06201550387596899,0.0,faible
03/28/1965,16:33:16,7.4,0.10852713178294573,0.013136786292027153,moderee
03/29/1965,10:47:38,6.4,0.046511627906976744,0.0,faible
03/30/1965,00:21:00,5.9,0.031007751937984496,9.684744090753364e-08,faible
03/30/1965,02:27:06,7.6,0.031007751937984496,0.0,moderee
03/31/1965,09:47:31,6.8,0.11627906976744186,0.008757456706857559,moderee
04/01/1965,07:08:37,5.9,0.09302325581395349,0.0017397893428473734,moderee
04/03/1965,11:20:43,5.8,0.015503875968992248,6.327036245332902e-05,elevee
04/04/1965,13:30:39,5.7,0.0475968992248062,0.0,faible
04/04/1965,15:36:13,5.6,0.03875968992248062,0.0,faible
04/05/1965,03:12:53,6.1,0.031007751937984496,0.000639601707222164,moderee
04/05/1965,13:52:12,5.7,0.06077519379844962,0.0,faible
04/06/1965,05:31:59,5.7,0.07751937984496124,0.13580960255157631,moderee
04/06/1965,09:42:29,6.2,0.03875968992248062,0.00023702668900710445,moderee
04/08/1965,13:43:54,6.1,0.03875968992248062,0.0,faible
04/09/1965,10:45:26,6.0,0.031007751937984496,0.0,faible
04/09/1965,23:57:06,6.2,0.10077519379844961,0.0002440760516401696,moderee
04/10/1965,14:46:51,5.7,0.027131782945736434,0.0,faible
04/10/1965,22:32:48,6.5,0.8429457364341086,0.0,faible
04/10/1965,22:53:05,6.3,0.9844961240310077,0.0,faible
04/11/1965,00:11:11,5.9,0.031007751937984496,2.2578885128369523e-06,elevee
04/11/1965,18:51:37,5.7,0.8837209302325582,0.0,faible
04/12/1965,20:41:17,5.6,0.6537984496124031,0.0,faible
04/15/1965,05:09:50,5.6,0.2558139534883721,1.0284915458129248e-05,elevee
04/16/1965,23:22:21,6.0,0.023255813953488372,1.270327381830934e-06,faible
04/18/1965,06:33:58,5.9,0.015503875968992248,0.0,faible
04/18/1965,09:39:19,6.1,0.03875968992248062,0.0,faible
04/18/1965,12:41:56,6.1,0.03875968992248062,0.0,faible
04/19/1965,23:42:00,6.0,0.05426356589147287,0.0045951445638710686,moderee
04/24/1965,21:55:29,5.8,0.10852713178294573,0.0,faible
04/25/1965,01:00:15,6.0,0.046511627906976744,0.0,faible
04/26/1965,09:47:29,5.7,0.03875968992248062,0.0,faible
04/26/1965,20:29:07,5.6,0.057054263565891467,4.029419074255049e-08,faible
04/26/1965,22:15:45,6.1,0.05751937984496124,0.0,faible
04/27/1965,10:54:24,6.0,0.046511627906976744,0.0,faible
04/27/1965,14:09:10,6.1,0.09302325581395349,8.207502504881299e-05,elevee
04/27/1965,20:09:17,5.8,0.023255813953488372,0.0,faible
04/29/1965,15:28:45,6.7,0.10031007751937986,0.0026980452865335244,moderee
04/29/1965,15:48:55,6.0,0.7441860465116279,0.0,faible
05/01/1965,21:27:54,5.6,0.023255813953488372,4.4783104974396036e-06,elevee
05/02/1965,07:13:45,5.8,0.03488372093023256,3.566247955403838e-05,elevee
05/03/1965,01:09:34,5.8,0.13953488372093023,0.0019969475750819575,moderee
05/03/1965,10:01:38,5.9,0.023255813953488372,0.004966061072643771,moderee
05/03/1965,16:09:09,5.7,0.17054263565891473,1.458366938629503e-06,elevee
05/04/1965,08:34:43,6.2,0.015503875968992248,0.002216585553494584,moderee
05/12/1965,08:05:56,5.7,0.07751937984496124,1.5748666339693684e-05,elevee
05/12/1965,10:33:47,6.1,0.2373643410852713,0.0,faible
05/15/1965,23:58:36,5.8,0.03875968992248062,0.0,faible
05/16/1965,11:35:47,5.9,0.05426356589147287,0.0014859048368817144,moderee
05/17/1965,17:19:33,6.7,0.10604651162790699,0.001523282293747006,moderee
05/19/1965,03:00:58,5.6,0.05426356589147287,7.931593335638886e-07,faible
05/19/1965,06:03:56,5.6,0.05426356589147287,0.0,faible
05/19/1965,13:59:55,5.5,0.07751937984496124,7.532539464162224e-05,elevee
05/20/1965,00:40:27,7.7,0.18604651162790697,1.0166860548409845e-05,elevee
05/22/1965,03:05:46,5.7,0.05426356589147287,0.0,faible
05/22/1965,10:31:39,6.1,0.8586046511627906,0.0,faible
05/23/1965,23:46:15,6.0,0.044186046511627906,0.0,faible
05/24/1965,23:21:12,5.9,0.03875968992248062,0.0031309081047900676,moderee
05/25/1965,13:07:51,5.8,0.04666666666666667,0.0,faible
05/26/1965,19:44:13,6.0,0.1937984496124031,0.0,faible
05/31/1965,11:38:42,5.9,0.23255813953488372,0.0,faible
06/02/1965,05:13:00,5.7,0.8372093023255814,0.0,faible
06/02/1965,23:40:23,5.9,0.01937984496124031,0.0,faible
06/05/1965,03:49:03,5.6,0.031007751937984496,0.0,faible
06/11/1965,02:37:35,5.6,0.031007751937984496,0.0,faible
06/11/1965,03:33:47,7.0,0.06310077519379845,0.0,moderee
06/11/1965,03:34:04,7.2,0.08992248062015504,4.508707869403282e-06,elevee
06/11/1965,07:11:04,5.5,0.048992248062015506,0.0,faible
06/11/1965,07:27:44,5.6,0.05426356589147287,0.0,faible
06/11/1965,08:41:01,5.7,0.05054263565891473,0.0,faible
06/12/1965,05:28:40,5.6,0.05426356589147287,0.0,faible
06/12/1965,05:40:58,5.7,0.05891472868217054,0.0,faible
06/12/1965,06:03:33,5.7,0.05426356589147287,0.0,faible
06/12/1965,18:45:44,5.5,0.05426356589147287,0.0,faible
06/12/1965,18:50:12,5.9,0.1584496124031008,0.00022219913372947293,moderee
06/13/1965,07:06:15,6.1,0.05906976744186047,3.5831432388906265e-05,elevee
06/13/1965,20:01:51,5.9,0.03875968992248062,0.0019217289247000218,moderee
06/14/1965,07:30:42,5.6,0.015503875968992248,0.0,faible
06/15/1965,09:20:34,5.9,0.14728682170542637,9.062375572687725e-05,elevee
06/15/1965,23:10:29,6.2,0.03875968992248062,0.0,faible
06/17/1965,20:14:51,5.9,0.015503875968992248,2.7569709455429286e-06,elevee
06/20/1965,01:57:26,5.6,0.06976744186046512,0.0,faible
06/20/1965,18:04:34,5.5,0.015503875968992248,0.0,faible
06/21/1965,00:21:17,5.9,0.03875968992248062,0.0001494638779454069,moderee
06/22/1965,23:48:07,6.3,0.06201550387596899,0.004588333431804324,moderee
06/23/1965,11:09:17,6.5,0.031007751937984496,2.0429861622100162e-07,faible
06/24/1965,07:45:13,5.8,0.046511627906976744,0.007153913333560781,moderee
06/27/1965,09:45:45,5.7,0.015503875968992248,0.0,faible
06/27/1965,11:08:59,6.5,0.023255813953488372,0.0,faible
06/27/1965,11:36:14,5.9,0.06201550387596899,0.017935400967004307,moderee
06/28/1965,03:33:35,6.0,0.03875968992248062,0.0,faible
06/30/1965,02:53:16,5.8,0.046511627906976744,0.0,faible
06/30/1965,08:33:33,5.7,0.06914728682170543,0.0,faible
07/01/1965,23:12:42,6.1,0.015503875968992248,0.0,faible
07/02/1965,20:58:40,7.8,0.06976744186046512,0.0,moderee
07/03/1965,11:26:13,5.9,0.05426356589147287,0.003401471578060634,moderee
07/06/1965,03:04:21,5.8,0.05426356589147287,0.0,faible
07/06/1965,03:18:45,6.3,0.031007751937984496,0.00886472903251738,moderee
07/06/1965,04:08:49,5.6,0.06976744186046512,0.0,faible
07/06/1965,18:36:46,6.3,0.7596899224806202,0.0,faible
07/07/1965,23:00:00,5.7,0.05426356589147287,0.0,faible
07/12/1965,13:57:15,5.7,0.17426356589147288,2.5176800057823435e-05,elevee
07/15/1965,18:33:30,6.0,0.8837209302325582,0.007515076527426905,moderee
07/17/1965,07:20:34,5.9,0.03875968992248062,3.939075257116489e-05,elevee
07/20/1965,13:18:28,5.7,0.03813953488372093,0.00991239566471437,moderee
07/21/1965,17:52:33,5.5,0.044651162790697675,0.0,faible
07/25/1965,03:40:43,5.5,0.16279069767441862,0.0002761777971806952,moderee
07/25/1965,13:33:04,5.6,0.023255813953488372,0.0,faible
07/25/1965,21:46:45,5.7,0.03116279069767442,0.0,faible
07/28/1965,22:29:09,5.6,0.21705426356589147,5.982202802451918e-05,elevee
07/29/1965,08:29:24,6.8,0.03317829457364341,0.0,faible
07/29/1965,12:20:21,5.7,0.023255813953488372,0.0,faible
07/29/1965,15:08:37,5.6,0.031007751937984496,0.0,faible
07/30/1965,07:20:10,5.6,0.24806201550387597,0.0030683305196512597,moderee
08/01/1965,23:44:29,5.9,0.06976744186046512,0.0,faible
08/02/1965,13:19:57,7.3,0.015503875968992248,0.0,moderee
08/03/1965,02:01:53,5.7,0.04077519379844961,0.0,faible
08/05/1965,00:07:52,6.5,0.09302325581395349,4.404720580662419e-05,elevee
08/11/1965,03:40:58,7.2,0.03875968992248062,1.094305390692424e-05,elevee
08/11/1965,07:18:47,5.8,0.046511627906976744,1.101374546963047e-05,elevee
08/11/1965,19:52:32,6.9,0.046511627906976744,1.101374546963047e-05,elevee
08/11/1965,20:13:58,6.0,0.046511627906976744,1.1084437032336697e-05,elevee
08/11/1965,22:31:51,7.6,0.046511627906976744,1.0978399688277354e-05,elevee
08/12/1965,08:01:46,6.9,0.046511627906976744,1.1070298719795452e-05,elevee
08/12/1965,12:57:15,6.8,0.07906976744186046,3.0145710000444268e-05,elevee
08/12/1965,18:04:56,5.9,0.05426356589147287,1.0836309647237834e-05,elevee
08/13/1965,04:40:57,5.8,0.046511627906976744,0.00016311583253523384,moderee
08/13/1965,11:24:53,6.1,0.03875968992248062,1.0838430394119021e-05,elevee
08/13/1965,12:40:10,7.4,0.03875968992248062,1.0964261375736108e-05,elevee
08/13/1965,12:40:32,7.2,0.05426356589147287,0.00016330175134515122,moderee
08/13/1965,17:56:30,6.2,0.05426356589147287,0.0001533667591224178,moderee
08/13/1965,21:57:38,6.0,0.046511627906976744,3.1400485238479833e-05,elevee
08/14/1965,11:07:47,6.0,0.031007751937984496,1.0978399688277354e-05,elevee
08/14/1965,13:18:06,5.7,0.05426356589147287,2.105194737391498e-06,elevee
08/16/1965,12:36:22,6.2,0.023255813953488372,0.0,faible
08/17/1965,10:35:10,6.1,0.10077519379844961,0.00018458839470725087,moderee
08/17/1965,16:17:45,5.8,0.046511627906976744,9.707365390819357e-06,elevee
08/18/1965,14:51:34,6.2,0.03875968992248062,1.0907708125571126e-05,elevee
08/20/1965,05:54:51,6.7,0.5116279069767442,0.0,faible
08/20/1965,09:42:50,6.7,0.19224806201550387,2.1541839903469144e-05,elevee
08/20/1965,21:21:52,6.1,0.11627906976744186,0.0,faible
08/21/1965,15:04:20,5.6,0.06976744186046512,2.730249534839974e-05,elevee
08/23/1965,14:08:58,6.0,0.023255813953488372,0.0005718035501775011,moderee
08/23/1965,19:46:04,7.4,0.03875968992248062,0.0002616662331883605,moderee
08/24/1965,01:01:00,5.8,0.03875968992248062,9.456622417900364e-05,elevee
08/27/1965,18:22:03,5.7,0.046511627906976744,0.0,faible
08/30/1965,03:32:08,5.8,0.046511627906976744,0.00015279981278951385,moderee
08/30/1965,18:09:44,5.7,0.08527131782945736,0.0,faible
09/01/1965,04:47:33,5.8,0.15503875968992248,0.0,faible
09/02/1965,04:26:39,5.5,0.04806201550387597,0.0,faible
09/04/1965,10:19:51,5.9,0.023255813953488372,0.0,faible
09/04/1965,14:32:51,7.0,0.04310077519379845,4.621814369733248e-06,elevee
09/08/1965,03:26:22,5.7,0.03875968992248062,4.774508145178703e-06,elevee
09/09/1965,10:02:26,6.2,0.023255813953488372,0.0,faible
09/11/1965,06:53:01,6.2,0.06914728682170543,0.0,faible
09/12/1965,08:40:10,6.1,0.023255813953488372,2.7545674324109166e-05,elevee
09/12/1965,22:02:35,6.3,0.03875968992248062,0.0,faible
09/13/1965,13:07:51,5.9,0.029302325581395346,4.34753110643308e-07,faible
09/13/1965,16:15:45,6.1,0.023255813953488372,0.0,faible
09/14/1965,08:27:18,5.8,0.05426356589147287,0.0009248513526449497,moderee
09/16/1965,13:50:12,6.0,0.24806201550387597,0.003226603980141117,moderee
09/17/1965,11:13:57,6.5,0.2882170542635659,2.702114292882895e-05,elevee
09/17/1965,14:22:38,5.8,0.05426356589147287,0.0008682189279297355,moderee
09/17/1965,15:18:36,5.9,0.05426356589147287,0.0009132812645768211,moderee
09/17/1965,16:21:20,6.8,0.05426356589147287,0.0014446987249802537,moderee
09/18/1965,22:03:12,6.0,0.03875968992248062,0.0005696842171275683,moderee
09/21/1965,01:38:31,6.7,0.3063565891472868,0.0,faible
09/22/1965,04:24:50,5.9,0.05426356589147287,7.658299754216606e-05,elevee
09/22/1965,20:01:50,5.9,0.08527131782945736,4.404720580662419e-05,elevee
09/22/1965,22:08:01,6.3,0.05426356589147287,0.0011563464268702917,moderee
09/24/1965,23:53:43,5.6,0.06976744186046512,0.00016355906863340188,moderee
09/25/1965,14:53:34,5.7,0.04263565891472868,0.0,faible
09/26/1965,21:33:52,5.8,0.015503875968992248,2.8276625082491576e-09,faible
09/27/1965,05:09:13,5.6,0.05426356589147287,0.0,faible
09/28/1965,05:06:40,6.5,0.03875968992248062,0.0,faible
09/30/1965,23:47:42,6.1,0.031007751937984496,0.0,faible
10/01/1965,08:52:06,6.8,0.030542635658914727,0.0,faible
10/01/1965,13:22:29,6.2,0.8457364341085272,0.0,faible
10/01/1965,22:34:23,6.0,0.015503875968992248,0.0,faible
10/03/1965,14:45:31,5.9,0.07751937984496124,0.0,faible
10/03/1965,16:14:57,5.9,0.03441860465116279,5.429112015838382e-07,faible
10/07/1965,03:36:02,5.9,0.031007751937984496,0.0,faible
10/10/1965,17:25:41,5.8,0.031007751937984496,0.0,faible
10/12/1965,13:41:01,5.6,0.03875968992248062,5.1604840775547125e-08,faible
10/16/1965,08:22:55,5.7,0.2982945736434109,1.3700024852467168e-06,faible
10/17/1965,01:53:35,5.7,0.023255813953488372,0.0,faible
10/18/1965,21:50:07,6.3,0.03875968992248062,0.0,faible
10/19/1965,20:48:49,6.1,0.05426356589147287,0.0,faible
10/23/1965,06:00:54,5.6,0.06976744186046512,4.29804701253872e-06,elevee
10/24/1965,14:32:11,5.9,0.2249612403100775,0.0,faible
10/24/1965,18:15:10,5.6,0.09302325581395349,0.0,faible
10/25/1965,22:34:24,6.7,0.26356589147286824,0.00010216768791680444,moderee
10/28/1965,08:58:27,5.6,0.03875968992248062,0.0,faible
11/03/1965,01:39:04,6.7,0.9206201550387596,1.2088964138392211e-05,moderee
11/03/1965,18:21:08,6.1,0.023255813953488372,0.0,faible
11/05/1965,19:01:04,5.9,0.023255813953488372,7.414625937568234e-05,elevee
11/06/1965,09:21:47,6.2,0.023255813953488372,0.0,faible
11/12/1965,17:52:24,6.4,0.031007751937984496,0.0,faible
11/13/1965,04:33:52,6.5,0.05426356589147287,0.006911340184543746,moderee
11/13/1965,17:59:43,5.7,0.06976744186046512,5.328023081168475e-05,elevee
11/14/1965,05:54:13,5.7,0.06201550387596899,0.0014826233345408913,moderee
11/15/1965,11:18:50,6.1,0.015503875968992248,0.0,faible
11/16/1965,06:45:59,5.9,0.17054263565891473,0.0007651350773602583,moderee
11/16/1965,15:24:44,6.0,0.015503875968992248,0.0,faible
11/16/1965,17:05:41,5.7,0.14682170542635659,3.741775105603404e-05,elevee
11/18/1965,17:17:20,5.6,0.24806201550387597,0.0,faible
11/18/1965,20:00:21,6.5,0.6666666666666666,0.0,faible
11/18/1965,21:58:19,6.0,0.06976744186046512,0.0,faible
11/20/1965,15:05:42,5.8,0.22930232558139535,0.0,faible
11/21/1965,10:31:55,6.5,0.2066666666666667,0.0,faible
11/22/1965,14:00:30,5.7,0.08527131782945736,1.2088257222765148e-07,faible
11/22/1965,20:25:31,5.9,0.03875968992248062,0.0,faible
11/23/1965,01:17:30,6.2,0.031007751937984496,0.0,faible
11/23/1965,02:17:50,5.6,0.046511627906976744,0.0,faible
11/23/1965,16:31:06,5.8,0.08527131782945736,3.6626712469351336e-05,elevee
11/27/1965,08:42:24,5.6,0.09302325581395349,0.0,faible
11/27/1965,12:01:56,5.8,0.10852713178294573,3.939075257116489e-05,elevee
11/28/1965,03:56:46,6.2,0.03875968992248062,0.0001271734143928788,moderee
11/28/1965,05:26:06,5.9,0.12000000000000001,0.00012090519352771747,moderee
11/28/1965,21:31:45,5.8,0.09302325581395349,9.462913966981218e-05,elevee
12/04/1965,02:11:50,5.8,0.023255813953488372,0.0,faible
12/05/1965,18:14:52,5.6,0.05426356589147287,0.0,faible
12/06/1965,11:34:55,6.7,0.03875968992248062,0.0,faible
12/07/1965,22:19:17,6.3,0.18992248062015504,0.00018841987740592848,moderee
12/08/1965,18:05:27,6.0,0.2713178294573643,1.9781619992084045e-05,elevee
12/09/1965,06:07:47,6.4,0.05426356589147287,0.0007297461741538931,moderee
12/09/1965,13:12:56,6.2,1.0,0.0,faible
12/10/1965,21:53:19,5.9,0.08186046511627906,2.105194737391498e-06,elevee
12/13/1965,10:52:11,6.0,0.04527131782945736,0.0,faible
12/13/1965,14:46:12,5.6,0.035813953488372095,0.0,faible
12/15/1965,19:19:49,5.8,0.023255813953488372,0.0,faible
12/15/1965,23:05:25,6.3,0.03875968992248062,7.501293793446071e-05,elevee
12/22/1965,00:28:51,5.8,0.041705426356589144,0.0,faible
12/22/1965,19:41:24,6.1,0.08124031007751938,4.645849501053366e-06,elevee
12/23/1965,20:47:38,5.6,0.03116279069767442,0.0,faible
12/25/1965,02:57:59,6.2,0.964031007751938,0.0,faible
12/26/1965,03:53:12,5.9,0.1241860465116279,4.404720580662419e-05,elevee
12/28/1965,20:32:27,5.8,0.06976744186046512,2.1362990249822385e-06,elevee
12/30/1965,02:06:35,5.6,0.05426356589147287,1.1635831221445283e-06,faible
12/30/1965,06:16:04,5.8,0.15503875968992248,0.0010499810739599913,moderee
01/05/1966,17:21:29,5.8,0.03875968992248062,0.0,faible
01/11/1966,03:10:54,5.9,0.05426356589147287,0.0,faible
01/11/1966,14:16:32,6.0,0.023255813953488372,5.662747630582469e-05,elevee
01/13/1966,10:41:14,5.7,0.03488372093023256,0.0,faible
01/16/1966,09:11:51,5.8,0.03488372093023256,0.0,faible
01/20/1966,01:44:47,5.8,0.015503875968992248,0.0019671772372794835,moderee
01/22/1966,14:27:09,6.2,0.031007751937984496,0.0,faible
01/24/1966,07:23:10,5.8,0.015503875968992248,0.0011223119740053778,moderee
01/26/1966,01:00:14,5.6,0.09302325581395349,0.0,faible
01/28/1966,05:42:17,6.0,0.015503875968992248,0.0001838623923582579,moderee
01/28/1966,22:38:14,5.6,0.17922480620155037,1.5431968138769778e-06,elevee
01/31/1966,14:01:24,5.7,0.03875968992248062,0.00022909509567146556,moderee
02/03/1966,05:48:11,5.7,0.24589147286821705,0.001040340158638116,moderee
02/03/1966,11:58:36,5.7,0.09472868217054264,1.0,moderee
02/03/1966,17:57:42,5.8,0.03875968992248062,0.0005712528629040196,moderee
02/04/1966,10:39:12,6.4,0.27906976744186046,0.0001637612465027417,moderee
02/05/1966,02:01:45,6.2,0.015503875968992248,0.008923069365387577,moderee
02/05/1966,15:12:31,6.4,0.015503875968992248,0.000563835904144882,moderee
02/05/1966,16:16:05,5.9,0.18511627906976746,1.7722374770451594e-06,elevee
02/07/1966,04:26:13,6.5,0.015503875968992248,0.0006274710350617752,moderee
02/07/1966,23:06:36,6.5,0.015503875968992248,0.0008278766669245447,moderee
02/09/1966,04:40:32,6.3,0.06201550387596899,0.0,faible
02/09/1966,07:18:50,5.8,0.06976744186046512,0.0,faible
02/10/1966,05:29:15,5.8,0.05426356589147287,0.0,faible
02/10/1966,14:21:13,6.5,0.07085271317829457,0.0,faible
02/13/1966,06:36:01,6.0,0.05426356589147287,2.8276625082491574e-07,faible
02/13/1966,10:44:40,5.9,0.015503875968992248,0.0048118332902875914,moderee
02/16/1966,03:18:29,6.6,0.05426356589147287,3.120254886290239e-05,elevee
02/17/1966,11:48:00,6.6,0.023255813953488372,0.0,faible
02/17/1966,12:42:59,5.7,0.023255813953488372,0.0,faible
02/18/1966,06:59:04,5.9,0.05426356589147287,0.003853650865826655,moderee
02/21/1966,00:22:29,6.0,0.023255813953488372,0.0,faible
02/21/1966,13:18:50,5.6,0.18604651162790697,0.0,faible
02/22/1966,05:02:39,6.9,0.05426356589147287,4.404720580662419e-05,elevee
02/25/1966,22:50:48,6.0,0.031007751937984496,0.0,faible
02/26/1966,00:33:50,5.6,0.05426356589147287,0.0,faible
02/28/1966,02:02:13,5.6,0.3373643410852713,5.710464435409173e-06,elevee
02/28/1966,13:35:42,6.0,0.06976744186046512,5.344282140590908e-07,faible
02/28/1966,21:38:54,5.7,0.10031007751937986,2.6328365614307905e-05,elevee
03/03/1966,03:25:29,5.8,0.07100775193798449,0.0,faible
03/04/1966,23:58:56,5.9,0.046511627906976744,5.833891903894249e-05,elevee
03/06/1966,02:10:56,6.7,0.031007751937984496,5.976264711184594e-06,elevee
03/06/1966,02:15:56,6.3,0.031007751937984496,5.976264711184594e-06,elevee
03/07/1966,21:29:19,6.5,0.03875968992248062,0.015161636533824886,moderee
03/08/1966,01:13:43,6.2,0.05426356589147287,9.090934964021041e-07,faible
03/08/1966,05:41:06,6.2,0.05426356589147287,0.0,faible
03/08/1966,06:00:07,5.6,0.05426356589147287,0.0,faible
03/08/1966,20:46:12,5.8,0.16837209302325581,0.0002184425840872639,moderee
03/12/1966,16:31:20,7.5,0.046511627906976744,9.732178129329244e-05,elevee
03/17/1966,15:50:33,6.7,0.9689922480620154,0.0,faible
03/19/1966,17:16:39,5.6,0.015503875968992248,0.0,faible
03/20/1966,01:42:53,6.6,0.04542635658914729,0.00011101615082074311,moderee
03/20/1966,09:04:25,5.6,0.03875968992248062,7.445588842033563e-05,elevee
03/22/1966,08:11:37,6.2,0.031007751937984496,0.015615457279676946,moderee
03/22/1966,08:19:36,6.8,0.031007751937984496,0.015615457279676946,moderee
03/23/1966,00:04:36,6.2,0.07674418604651163,1.3028455006757992e-06,faible
03/24/1966,08:27:51,5.9,0.046511627906976744,9.090934964021041e-07,faible
03/26/1966,15:19:04,6.0,0.031007751937984496,0.019965447038660947,moderee
03/26/1966,18:14:22,5.9,0.031007751937984496,0.015271613518673849,moderee
03/27/1966,18:53:41,5.7,0.03875968992248062,0.0002865715776453921,moderee
03/29/1966,02:17:40,6.0,0.12403100775193798,0.0,faible
03/29/1966,06:12:00,6.0,0.031007751937984496,0.015573819949242977,moderee
04/03/1966,04:43:39,5.7,0.07519379844961241,0.0016688425835997749,moderee
04/04/1966,06:42:13,5.8,0.015503875968992248,7.67003455362584e-05,elevee
04/06/1966,02:59:01,6.3,0.015503875968992248,0.0,faible
04/06/1966,22:28:38,5.6,0.04062015503875969,5.1604840775547125e-08,faible
04/07/1966,09:42:34,5.7,0.07705426356589147,0.0009368929534363286,moderee
04/08/1966,01:46:46,6.2,0.07224806201550388,1.5431968138769778e-06,elevee
04/09/1966,02:42:09,5.8,0.03875968992248062,0.005613243036134924,moderee
04/09/1966,14:49:25,5.7,0.08527131782945736,9.090934964021041e-07,faible
04/10/1966,16:36:16,6.1,0.0937984496124031,0.01242320374368604,moderee
04/11/1966,17:17:30,5.7,0.046511627906976744,0.00016128986947053196,moderee
04/12/1966,23:37:42,6.3,0.05426356589147287,0.0007820953970847367,moderee
04/13/1966,03:35:18,5.9,0.06976744186046512,0.0006366262993478588,moderee
04/16/1966,01:27:14,6.2,0.023255813953488372,2.2833374754111947e-07,faible
04/20/1966,16:26:19,6.0,0.03875968992248062,0.0,faible
04/20/1966,16:42:06,6.0,0.031007751937984496,0.0005543582863328579,moderee
04/21/1966,15:45:21,6.0,0.015503875968992248,0.0,faible
04/21/1966,17:36:48,5.9,0.01689922480620155,0.0,faible
04/22/1966,03:06:35,5.9,0.03317829457364341,0.0008240352874070883,moderee
04/22/1966,23:27:21,5.8,0.032403100775193795,4.79854327649882e-06,elevee
04/23/1966,00:09:35,6.5,0.031007751937984496,7.797208674934346e-05,elevee
04/23/1966,08:56:43,6.1,0.05426356589147287,7.797208674934346e-05,elevee
05/01/1966,16:22:57,6.4,0.2496124031007752,0.00025917294177171184,moderee
05/02/1966,09:52:48,6.1,0.05426356589147287,6.104640589059106e-05,elevee
05/02/1966,16:39:45,5.6,0.16279069767441862,0.0008617902372172311,moderee
05/05/1966,14:21:23,6.2,0.07751937984496124,0.0002570005900497494,moderee
05/09/1966,00:42:56,6.0,0.03875968992248062,3.079465854608745e-05,elevee
05/11/1966,14:17:39,6.2,0.03829457364341085,0.0,faible
05/11/1966,14:26:42,5.6,0.039844961240310076,0.0,faible
05/11/1966,21:39:37,5.8,0.03193798449612403,0.0,faible
05/14/1966,17:03:54,5.7,0.015503875968992248,5.740649732684733e-05,elevee
05/15/1966,14:46:08,6.1,0.05441860465116279,0.0,faible
05/16/1966,02:46:42,5.7,0.3117829457364341,0.0,faible
05/17/1966,16:58:16,5.6,0.030232558139534883,0.0,faible
05/18/1966,07:32:06,5.9,0.031007751937984496,0.0003351126460932512,moderee
05/19/1966,07:06:29,6.0,0.050077519379844955,0.0,faible
05/20/1966,09:14:45,6.1,0.03875968992248062,0.0,faible
05/20/1966,18:02:38,5.5,0.09302325581395349,1.940978237224928e-05,elevee
05/23/1966,08:39:45,5.7,0.031007751937984496,0.0,faible
05/23/1966,14:22:32,5.7,0.03875968992248062,0.0,faible
05/25/1966,08:29:03,5.7,0.10077519379844961,0.0,faible
05/25/1966,12:07:07,5.7,0.05426356589147287,0.0,faible
05/25/1966,13:20:54,6.1,0.015503875968992248,0.0,faible
05/28/1966,00:03:59,5.8,0.07751937984496124,0.0001510982668751749,moderee
06/01/1966,11:47:33,5.8,0.023255813953488372,0.0,faible
06/02/1966,03:27:52,5.5,0.03193798449612403,0.0,faible
06/02/1966,07:08:05,5.8,0.21705426356589147,0.0010401450499250467,moderee
06/04/1966,23:48:20,6.0,0.06062015503875969,0.0,faible
06/06/1966,01:45:43,5.6,0.023255813953488372,9.98306248537365e-06,elevee
06/06/1966,07:46:17,6.6,0.3342635658914729,0.0006409186910353811,moderee
06/06/1966,20:47:10,6.0,0.03875968992248062,0.0009408191628290327,moderee
06/07/1966,00:59:46,6.2,0.031007751937984496,0.0007304410722152953,moderee
06/07/1966,11:44:52,5.6,0.05426356589147287,0.00016823107401265657,moderee
06/07/1966,13:59:36,6.8,0.05426356589147287,0.0,faible
06/09/1966,15:39:27,5.7,0.14449612403100776,5.0332392646835e-06,elevee
06/11/1966,18:13:38,5.6,0.05426356589147287,0.0,faible
06/13/1966,07:33:13,6.1,0.03875968992248062,0.0,faible
06/13/1966,18:08:37,6.7,0.3745736434108527,0.0,faible
06/15/1966,00:59:50,7.1,0.06976744186046512,0.0,moderee
06/15/1966,01:32:58,6.8,0.06976744186046512,0.0,faible
06/15/1966,06:13:54,5.9,0.06976744186046512,0.0,faible
06/15/1966,16:36:29,5.7,0.06976744186046512,0.0,faible
06/21/1966,00:43:17,5.8,0.046511627906976744,1.6909421799329962e-06,elevee
06/21/1966,23:06:31,5.5,0.07054263565891473,0.0,faible
06/22/1966,20:29:07,7.0,0.8244961240310077,0.0,moderee
06/23/1966,05:01:43,5.6,0.3488372093023256,0.00011513464126400801,moderee
06/27/1966,10:41:09,6.0,0.04015503875968992,0.0001904027757398382,moderee
06/27/1966,10:49:49,5.7,0.03875968992248062,0.00019175722608128954,moderee
06/27/1966,10:59:19,6.3,0.03875968992248062,3.5062308186662494e-05,elevee
06/27/1966,21:47:11,5.6,0.17829457364341086,0.00020467681608147994,moderee
06/29/1966,21:46:57,6.0,0.06976744186046512,9.090934964021041e-07,faible
07/01/1966,05:50:40,6.4,0.1744186046511628,0.005669043421157086,moderee
07/04/1966,02:55:37,5.8,0.046511627906976744,0.0,faible
07/04/1966,18:33:40,6.8,0.023255813953488372,0.0,faible
07/05/1966,02:21:43,5.8,0.023255813953488372,0.0,faible
07/10/1966,16:12:44,6.1,0.055193798449612405,3.8312706239894896e-05,elevee
07/11/1966,22:45:56,6.0,0.03875968992248062,0.0,faible
07/12/1966,18:53:11,5.7,0.06093023255813953,0.0008873289780761104,moderee
07/19/1966,01:40:56,6.4,0.023255813953488372,0.0,faible
07/19/1966,19:20:33,5.6,0.046046511627906975,3.746652823430134e-08,faible
07/21/1966,18:30:16,6.4,0.9215503875968992,0.0,faible
07/22/1966,10:17:22,5.7,0.04852713178294574,3.746652823430134e-08,faible
07/27/1966,04:49:01,5.8,0.05193798449612403,0.0002527258712529038,moderee
08/01/1966,19:09:56,6.0,0.03131782945736434,0.0006628422653774639,moderee
08/01/1966,20:30:58,6.2,0.03875968992248062,0.0005320628743709404,moderee
08/01/1966,21:03:02,6.9,0.03875968992248062,0.0007794833438427416,moderee
08/05/1966,04:33:02,5.7,0.05426356589147287,0.0,faible
08/07/1966,02:13:04,6.9,0.030542635658914727,0.0,faible
08/07/1966,03:07:16,5.6,0.05426356589147287,0.0,faible
08/07/1966,17:36:12,6.35,0.009302325581395349,4.493650566546855e-05,elevee
08/08/1966,08:02:47,6.0,0.046511627906976744,0.0,faible
08/10/1966,05:01:10,6.0,0.1531782945736434,7.598282617479018e-05,elevee
08/11/1966,23:25:39,5.9,0.05426356589147287,0.0,faible
08/12/1966,20:16:59,5.8,0.026666666666666665,0.0,faible
08/15/1966,02:15:32,5.6,0.04186046511627907,0.0032043022059385557,moderee
08/15/1966,02:45:36,6.0,0.030697674418604652,0.012454547675674355,moderee
08/15/1966,10:20:40,6.0,0.015503875968992248,0.0,faible
08/16/1966,02:16:20,5.8,0.3044961240310078,0.0006409186910353811,moderee
08/16/1966,18:02:36,5.7,0.015503875968992248,0.0001308776522786852,moderee
08/16/1966,19:45:38,6.2,0.023255813953488372,0.0,faible
08/17/1966,19:54:10,5.7,0.8372093023255814,0.0,faible
08/17/1966,20:58:39,5.6,0.06496124031007752,0.0,faible
08/18/1966,10:33:16,5.8,0.10604651162790699,0.0009547312623696184,moderee
08/18/1966,14:34:02,6.1,0.08527131782945736,7.318697486975882e-06,elevee
08/18/1966,14:37:55,6.0,0.050387596899224806,7.781727222701681e-06,elevee
08/19/1966,12:22:12,6.8,0.03829457364341085,0.001560519074402512,moderee
08/20/1966,07:43:29,5.7,0.17565891472868217,4.842372045376683e-07,faible
08/20/1966,09:32:32,5.8,0.24713178294573646,0.003936928354357101,moderee
08/20/1966,11:59:13,6.2,0.03875968992248062,0.001615967415442397,moderee
08/20/1966,22:55:02,6.1,0.05426356589147287,0.0,faible
08/21/1966,05:00:25,6.0,0.05426356589147287,0.0014208092182793105,moderee
08/22/1966,17:02:06,5.9,0.03875968992248062,0.00010946871251310376,moderee
08/22/1966,17:42:09,6.3,0.031007751937984496,0.0,faible
08/23/1966,18:22:16,5.7,0.03875968992248062,1.3028455006757992e-06,faible
08/26/1966,00:51:52,5.8,0.08527131782945736,0.0,faible
08/26/1966,09:06:50,6.0,0.015503875968992248,0.0,faible
08/28/1966,07:29:42,5.7,0.26356589147286824,0.0,faible
08/30/1966,20:20:54,5.6,0.045891472868217056,1.579390893982567e-05,elevee
09/08/1966,21:15:56,7.7,0.17829457364341086,2.5475825368070784e-05,elevee
09/08/1966,21:55:41,5.6,0.05426356589147287,0.0,faible
09/11/1966,17:38:05,5.9,0.2497674418604651,0.0030683305196512597,moderee
09/12/1966,11:29:37,6.3,0.023255813953488372,0.0,faible
09/12/1966,16:41:04,5.9,0.015503875968992248,0.0004887020836381936,moderee
09/14/1966,23:18:42,6.7,0.031007751937984496,0.0,faible
09/15/1966,11:51:56,6.2,0.031007751937984496,0.0,faible
09/15/1966,17:10:47,6.2,0.046511627906976744,0.0003387751759570609,moderee
09/18/1966,20:43:56,5.7,0.031007751937984496,0.00028676315178032593,moderee
09/25/1966,06:02:29,6.0,0.12449612403100775,0.00016731985976937327,moderee
09/26/1966,05:10:57,5.9,0.022325581395348838,1.7419107966441872e-05,elevee
09/28/1966,14:00:24,6.3,0.031007751937984496,0.0010451740476959677,moderee
10/07/1966,15:55:10,6.9,0.23255813953488372,0.0,faible
10/07/1966,20:55:57,5.6,0.08527131782945736,0.0002251611102068639,moderee
10/08/1966,00:12:17,6.1,0.023255813953488372,0.0,faible
10/11/1966,06:25:55,6.1,0.031007751937984496,0.0,faible
10/12/1966,00:06:38,6.0,0.031007751937984496,0.0,faible
10/12/1966,04:22:17,5.8,0.03875968992248062,0.0,faible
10/16/1966,09:13:28,5.7,0.023255813953488372,0.0,faible
10/16/1966,12:55:32,5.7,0.15503875968992248,0.0,faible
10/17/1966,21:42:00,8.1,0.06201550387596899,4.725801658474111e-05,elevee
10/19/1966,08:01:34,7.0,0.023255813953488372,0.0,moderee
10/26/1966,18:28:55,5.7,0.05426356589147287,0.0,faible
10/27/1966,14:21:03,6.7,0.015503875968992248,0.0,faible
10/29/1966,02:39:29,5.9,0.03875968992248062,0.008622138210609668,moderee
11/03/1966,16:24:33,6.0,0.04108527131782946,0.00014223142416493263,moderee
11/05/1966,12:45:14,6.4,0.023255813953488372,3.725445354618265e-07,faible
11/10/1966,03:02:34,6.1,0.17519379844961241,0.0008953475220338779,moderee
11/11/1966,15:31:05,5.6,0.04527131782945736,0.0,faible
11/12/1966,11:50:33,5.6,0.20930232558139536,2.389374819470538e-06,elevee
11/12/1966,12:49:44,6.0,0.050387596899224806,8.171944648840065e-07,faible
11/12/1966,18:45:03,6.3,0.05426356589147287,1.101374546963047e-05,elevee
11/13/1966,02:51:54,5.6,0.12310077519379846,0.0005843505956422296,moderee
11/22/1966,06:29:54,5.9,0.7131782945736435,0.0,faible
11/22/1966,07:01:12,5.8,0.05426356589147287,0.0,faible
11/23/1966,02:19:13,5.9,0.05426356589147287,9.707365390819357e-06,elevee
11/26/1966,02:18:19,5.7,0.08031007751937984,1.6637966198538044e-05,elevee
11/28/1966,07:32:53,5.6,0.025891472868217053,0.0,faible
12/01/1966,04:56:59,6.8,0.1937984496124031,9.090934964021041e-07,faible
12/02/1966,09:31:18,5.7,0.11627906976744186,0.0,faible
12/07/1966,17:17:43,5.9,0.023255813953488372,0.0,faible
12/10/1966,13:06:35,5.7,0.10852713178294573,0.0008830535523636376,moderee
12/10/1966,18:08:15,6.3,0.03875968992248062,0.0,faible
12/14/1966,21:07:53,6.3,0.10077519379844961,0.004908001385277518,moderee
12/15/1966,02:08:05,5.7,0.14620155038759688,0.00017164476957574036,moderee
12/16/1966,20:52:18,5.7,0.031007751937984496,0.0001845353760352212,moderee
12/20/1966,12:26:55,6.3,0.896124031007752,2.1236452352578234e-05,moderee
12/20/1966,15:30:01,5.62,0.0018604651162790697,1.5884394140089643e-06,elevee
12/21/1966,08:51:59,6.3,0.35658914728682173,1.6259059422432655e-07,faible
12/23/1966,15:50:21,6.6,0.046511627906976744,3.0136520097292457e-05,elevee
12/27/1966,01:22:18,5.6,0.08573643410852713,0.0014744315962544935,moderee
12/28/1966,08:18:07,7.7,0.03875968992248062,1.6228662050468976e-05,elevee
12/29/1966,22:16:21,5.6,0.015503875968992248,0.0,faible
12/31/1966,18:23:09,7.8,0.08527131782945736,0.0,moderee
12/31/1966,22:15:19,7.1,0.05426356589147287,0.0,moderee
01/01/1967,07:05:51,6.5,0.046511627906976744,5.365489609402776e-07,faible
01/01/1967,21:59:00,5.9,0.046511627906976744,2.105194737391498e-06,elevee
01/02/1967,09:47:54,5.6,0.045116279069767444,0.0008873982558075625,moderee
01/02/1967,20:00:00,6.0,0.046511627906976744,0.0,faible
01/03/1967,05:35:49,6.1,0.046511627906976744,2.105194737391498e-06,elevee
01/03/1967,11:05:17,5.6,0.046511627906976744,2.105194737391498e-06,elevee
01/03/1967,21:23:23,5.8,0.046511627906976744,0.0,faible
01/04/1967,03:41:37,5.6,0.03348837209302326,0.0,faible
01/04/1967,20:16:00,5.5,0.14356589147286822,7.134545966126156e-05,elevee
01/05/1967,00:14:41,7.0,0.020465116279069766,8.002284898345116e-06,elevee
01/05/1967,00:42:12,5.8,0.027131782945736434,6.940921775873795e-05,elevee
01/05/1967,23:58:20,5.9,0.027131782945736434,1.3948152237566031e-05,elevee
01/06/1967,00:04:06,5.9,0.06093023255813953,4.599758602168905e-05,elevee
01/06/1967,10:03:05,5.6,0.046511627906976744,0.0,faible
01/07/1967,00:27:24,6.0,0.023255813953488372,0.0,faible
01/07/1967,13:34:46,5.7,0.023255813953488372,0.0,faible
01/11/1967,05:54:03,5.7,0.05426356589147287,0.00023702668900710445,moderee
01/11/1967,11:20:48,6.1,0.05426356589147287,0.0006235709815472725,moderee
01/13/1967,13:48:14,6.2,0.06201550387596899,0.0,faible
01/16/1967,14:26:29,6.0,0.046511627906976744,2.105194737391498e-06,elevee
01/17/1967,01:07:55,6.2,0.9161240310077519,5.2759940910166906e-05,moderee
01/17/1967,11:59:33,6.6,0.07100775193798449,0.00033180922936798914,moderee
01/18/1967,05:34:37,5.5,0.03875968992248062,2.078331943563131e-06,elevee
01/18/1967,08:18:23,5.9,0.040310077519379844,0.0,faible
01/19/1967,12:38:31,5.9,0.21705426356589147,0.0,faible
01/20/1967,01:57:23,6.4,0.031007751937984496,8.002284898345116e-06,elevee
01/21/1967,02:54:04,6.3,0.03875968992248062,0.0,faible
01/23/1967,20:25:40,6.0,0.046511627906976744,0.0,faible
01/24/1967,03:05:40,5.7,0.10542635658914729,0.00011875334235893987,moderee
01/24/1967,09:29:11,6.5,0.015503875968992248,0.0,faible
01/25/1967,01:50:20,6.0,0.4235658914728682,0.0006474583675013343,moderee
01/28/1967,13:53:00,6.8,0.05426356589147287,0.0,faible
01/28/1967,16:31:23,5.6,0.05426356589147287,0.0,faible
01/28/1967,17:42:02,5.8,0.061860465116279066,0.0,faible
01/30/1967,21:05:30,5.6,0.03875968992248062,2.5447548742988293e-05,elevee
01/31/1967,13:37:32,5.6,0.015503875968992248,0.0,faible
02/02/1967,06:25:49,6.1,0.10077519379844961,0.0,faible
02/03/1967,12:48:09,5.6,0.8527131782945736,0.0,faible
02/07/1967,14:53:14,5.7,0.09612403100775194,1.1734799409234004e-07,faible
02/09/1967,15:24:49,7.0,0.08527131782945736,0.0007028282409066153,moderee
02/13/1967,23:14:24,7.0,0.015503875968992248,0.0,moderee
02/14/1967,01:36:08,6.8,0.046511627906976744,0.0,faible
02/14/1967,05:02:39,5.8,0.9767441860465116,0.0,faible
02/15/1967,16:11:12,7.0,0.9308527131782945,1.2088964138392211e-05,moderee
02/17/1967,10:10:52,6.5,0.023255813953488372,0.0,faible
02/18/1967,02:39:20,5.6,0.05426356589147287,0.0,faible
02/19/1967,22:14:36,6.3,0.12403100775193798,3.442961870044174e-05,elevee
02/19/1967,23:28:29,5.9,0.14728682170542637,8.992108159357734e-05,elevee
02/20/1967,15:18:41,5.5,0.031007751937984496,0.0013734748548068468,moderee
02/22/1967,18:26:48,5.8,0.14046511627906977,7.281230958741581e-07,faible
02/23/1967,20:38:59,6.0,0.04945736434108527,0.0009307017863745172,moderee
02/25/1967,11:20:50,5.9,0.11627906976744186,8.972385213362696e-05,elevee
02/25/1967,11:38:45,5.9,0.12403100775193798,7.513806200045074e-06,elevee
02/28/1967,09:37:20,6.0,0.03875968992248062,0.0,faible
03/02/1967,02:47:33,6.0,0.18434108527131784,0.0023343463863131284,moderee
03/04/1967,05:09:25,5.7,0.20325581395348835,2.24049838841122e-05,elevee
03/04/1967,06:16:24,5.7,0.35147286821705426,0.0,faible
03/04/1967,17:58:06,6.6,0.023255813953488372,1.9844535482892587e-05,elevee
03/09/1967,06:58:36,5.9,0.023255813953488372,2.105194737391498e-06,elevee
03/09/1967,18:02:42,5.9,0.023255813953488372,2.105194737391498e-06,elevee
03/11/1967,08:33:29,5.9,0.08527131782945736,2.105194737391498e-06,elevee
03/11/1967,14:45:01,5.9,0.04449612403100775,0.00044215027576488775,moderee
03/13/1967,16:06:53,5.7,0.031007751937984496,5.69067079785143e-07,faible
03/13/1967,19:22:19,5.6,0.031007751937984496,0.0,faible
03/14/1967,06:58:05,5.7,0.026201550387596896,1.365124767419987e-05,elevee
03/17/1967,11:24:47,6.2,0.03875968992248062,0.0,faible
03/18/1967,19:15:37,5.7,0.17054263565891473,1.0942346991297177e-05,elevee
03/19/1967,01:10:51,6.2,0.15147286821705427,0.0,faible
03/19/1967,04:01:41,6.7,0.06201550387596899,0.0,faible
03/20/1967,13:31:35,5.8,0.05426356589147287,0.0,faible
03/20/1967,13:40:53,5.7,0.053488372093023255,0.0,faible
03/24/1967,09:00:20,6.7,0.9271317829457364,0.0,faible
03/25/1967,22:47:59,5.9,0.04713178294573643,0.0,faible
03/26/1967,22:39:03,5.7,0.031007751937984496,7.68876781774299e-05,elevee
03/27/1967,08:58:24,6.1,0.046046511627906975,0.02240778256307974,moderee
03/27/1967,10:01:45,6.4,0.023255813953488372,0.00015322537599700534,moderee
03/30/1967,02:08:01,6.2,0.023255813953488372,0.0,faible
04/01/1967,05:54:21,6.1,0.05426356589147287,0.0,faible
04/01/1967,05:57:08,5.8,0.06976744186046512,0.0,faible
04/01/1967,12:23:35,6.1,0.0462015503875969,0.0,faible
04/03/1967,08:04:18,5.9,0.03488372093023256,3.884784136958105e-05,elevee
04/05/1967,02:34:10,5.9,0.042015503875968994,0.0,faible
04/05/1967,02:47:54,5.7,0.03875968992248062,0.0,faible
04/06/1967,12:21:59,5.8,0.03875968992248062,0.0,faible
04/09/1967,00:05:10,6.0,0.023255813953488372,6.271684751733925e-05,elevee
04/10/1967,04:59:56,5.7,0.05426356589147287,1.1019400794646966e-05,elevee
04/10/1967,15:02:44,6.1,0.05426356589147287,1.1019400794646966e-05,elevee
04/10/1967,16:47:50,6.1,0.015503875968992248,0.0,faible
04/12/1967,04:51:42,6.7,0.07751937984496124,0.00013778280412382965,moderee
04/12/1967,05:11:18,5.6,0.07751937984496124,0.00013778280412382965,moderee
04/13/1967,19:59:53,5.8,0.13178294573643412,0.000416220610564243,moderee
04/20/1967,00:01:27,5.7,0.2713178294573643,0.0,faible
04/21/1967,08:14:24,6.2,0.015503875968992248,0.0,faible
04/23/1967,17:52:47,5.7,0.023255813953488372,0.0,faible
04/29/1967,03:55:20,5.7,0.048992248062015506,0.0,faible
04/30/1967,16:59:00,5.8,0.031007751937984496,1.034429637080248e-05,elevee
05/01/1967,07:09:03,6.2,0.03875968992248062,0.008640653037798056,moderee
05/04/1967,08:17:34,5.9,0.046511627906976744,0.0,faible
05/05/1967,15:00:08,5.8,0.06201550387596899,0.0,faible
05/09/1967,21:30:07,5.7,0.13953488372093023,0.0,faible
05/11/1967,14:51:01,5.6,0.023255813953488372,3.605269698017676e-06,elevee
05/11/1967,15:05:23,6.1,0.16961240310077522,0.00021599948368013664,moderee
05/20/1967,13:02:07,5.7,0.015503875968992248,0.0,faible
05/21/1967,18:45:13,6.7,0.27798449612403103,8.560324094348087e-05,elevee
05/23/1967,19:17:48,5.8,0.1937984496124031,0.0,faible
05/27/1967,17:23:00,5.8,0.0475968992248062,0.0,faible
05/27/1967,19:05:48,5.9,0.031007751937984496,0.0,faible
05/29/1967,04:45:44,5.8,0.031007751937984496,0.0,faible
06/01/1967,03:36:19,5.8,0.07751937984496124,4.29804701253872e-06,elevee
06/01/1967,20:47:45,5.6,0.023255813953488372,6.57191181854728e-05,elevee
06/03/1967,09:08:57,5.6,0.04310077519379845,4.621814369733248e-06,elevee
06/10/1967,05:26:44,5.7,0.04945736434108527,0.00031015004147042765,moderee
06/12/1967,05:21:09,5.8,0.015503875968992248,0.0,faible
06/12/1967,23:22:46,6.0,0.06201550387596899,0.0,faible
06/14/1967,03:14:18,5.7,0.15038759689922482,1.0463058196148946e-05,elevee
06/14/1967,05:06:21,6.2,0.045891472868217056,5.365489609402776e-07,faible
06/14/1967,08:13:01,5.6,0.05426356589147287,0.0,faible
06/17/1967,05:00:15,6.0,0.25333333333333335,0.0,faible
06/19/1967,17:07:46,6.1,0.042015503875968994,0.0,faible
06/20/1967,07:38:49,5.9,0.04279069767441861,0.0,faible
06/21/1967,06:49:54,5.7,0.023255813953488372,1.5785425952300923e-05,elevee
06/21/1967,18:13:04,5.7,0.015503875968992248,0.0005591752094156603,moderee
06/21/1967,20:09:32,6.2,0.05426356589147287,8.420072033938929e-06,elevee
06/23/1967,05:05:06,5.8,0.13953488372093023,0.0,faible
06/23/1967,21:30:12,5.6,0.025426356589147284,0.0,faible
06/24/1967,21:00:26,5.7,0.031007751937984496,0.0,faible
06/25/1967,23:18:04,5.8,0.031007751937984496,0.0,faible
06/28/1967,00:14:37,5.6,0.03875968992248062,0.0,faible
06/28/1967,14:34:06,5.7,0.046511627906976744,0.0,faible
06/29/1967,16:36:20,5.5,0.23255813953488372,0.0,faible
07/01/1967,23:10:08,6.5,0.04263565891472868,0.0,faible
07/02/1967,07:03:53,6.1,0.023255813953488372,0.0,faible
07/04/1967,23:42:14,5.7,0.24511627906976743,0.0012073461478690735,moderee
07/06/1967,13:42:26,6.1,0.04232558139534884,0.0,faible
07/07/1967,13:28:41,5.7,0.31007751937984496,0.003372357964875701,moderee
07/10/1967,19:18:11,5.7,0.11627906976744186,0.0,faible
07/12/1967,21:00:23,6.1,0.031007751937984496,0.0,faible
07/16/1967,13:34:33,6.2,0.046511627906976744,5.235417134023315e-06,elevee
07/20/1967,15:36:24,6.4,0.031007751937984496,1.4117105072433918e-06,faible
07/22/1967,03:58:01,6.1,0.031007751937984496,0.0,faible
07/22/1967,16:57:00,7.4,0.046511627906976744,0.004353151085668225,moderee
07/26/1967,18:53:02,6.2,0.031007751937984496,0.0015089015091456779,moderee
07/29/1967,10:24:25,6.8,0.249922480620155,0.0032072344919596104,moderee
07/30/1967,00:00:04,6.6,0.03875968992248062,0.006903839102824988,moderee
07/30/1967,01:31:03,5.7,0.023255813953488372,0.004447604910262526,moderee
08/01/1967,01:13:42,5.7,0.07751937984496124,0.0014007759363239925,moderee
08/09/1967,08:20:06,5.9,0.16279069767441862,0.0,faible
08/10/1967,11:21:23,5.6,0.05426356589147287,0.0,faible
08/12/1967,09:39:46,6.7,0.22263565891472867,0.0,faible
08/12/1967,12:30:58,5.7,0.031007751937984496,9.707365390819357e-06,elevee
08/13/1967,20:06:52,6.3,0.5648062015503876,0.017855554140011994,moderee
08/13/1967,22:07:48,5.7,0.015503875968992248,0.0014917927371395163,moderee
08/13/1967,22:15:11,6.3,0.031007751937984496,7.624438495680322e-05,elevee
08/15/1967,09:21:03,5.7,0.031007751937984496,5.174622390095958e-05,elevee
08/16/1967,19:19:04,5.7,0.11643410852713178,0.0001938991804312883,moderee
08/18/1967,03:35:42,5.6,0.17054263565891473,6.760234141596673e-06,elevee
08/19/1967,15:28:07,6.0,0.05426356589147287,0.001741815363034534,moderee
08/19/1967,15:41:54,5.7,0.13178294573643412,1.4845228168308077e-07,faible
08/20/1967,15:03:36,5.8,0.16,3.9587275115488205e-08,faible
08/21/1967,07:33:03,6.6,0.06062015503875969,2.474204694718013e-05,elevee
08/22/1967,13:02:05,6.6,0.015503875968992248,0.0,faible
08/22/1967,13:17:02,5.7,0.015503875968992248,0.0,faible
08/24/1967,03:21:19,5.6,0.10217054263565892,2.6862793828366995e-06,elevee
08/24/1967,10:32:55,5.8,0.03875968992248062,9.707365390819357e-06,elevee
08/26/1967,00:36:42,6.2,0.031007751937984496,0.0,faible
08/26/1967,02:07:10,5.6,0.031007751937984496,0.0,faible
08/30/1967,04:22:04,6.4,0.015503875968992248,8.510133084826664e-05,elevee
08/30/1967,11:08:49,5.8,0.015503875968992248,7.83856323911749e-05,elevee
08/30/1967,13:33:28,6.0,0.05426356589147287,0.0,faible
09/01/1967,03:31:11,5.7,0.2868217054263566,5.914763051630175e-06,elevee
09/03/1967,21:07:29,7.0,0.023255813953488372,0.0,moderee
09/04/1967,03:52:00,6.5,0.36604651162790697,0.0,faible
09/06/1967,07:30:12,5.7,0.05100775193798449,0.0,faible
09/07/1967,07:12:37,5.9,0.4263565891472868,0.0,faible
09/08/1967,22:37:39,6.1,0.023255813953488372,0.0,faible
09/09/1967,10:06:45,6.7,0.89984496124031,6.0377663707390135e-05,moderee
09/09/1967,16:52:02,6.3,0.015503875968992248,0.0,faible
09/13/1967,18:41:16,5.6,0.03875968992248062,0.0,faible
09/15/1967,00:28:39,5.8,0.06976744186046512,0.026617154079359766,moderee
09/15/1967,10:32:44,5.8,0.021240310077519378,3.074729519907427e-05,elevee
09/16/1967,08:31:58,5.6,0.08527131782945736,1.2088257222765148e-07,faible
09/18/1967,15:33:07,5.8,0.05426356589147287,0.00018834140977132458,moderee
09/19/1967,10:56:10,6.1,0.12403100775193798,0.0002035528202344509,moderee
09/19/1967,12:45:33,6.3,0.015503875968992248,0.0,faible
09/20/1967,09:39:16,7.0,0.031007751937984496,0.0,moderee
09/20/1967,10:30:54,5.7,0.031007751937984496,0.0,faible
09/20/1967,10:37:18,6.2,0.15503875968992248,0.0,faible
09/22/1967,10:18:00,6.2,0.06294573643410853,0.0,faible
09/26/1967,11:11:25,5.9,0.12883720930232556,0.010056077679746034,moderee
09/26/1967,16:11:24,6.2,0.07751937984496124,0.0009303971057392533,moderee
09/28/1967,04:56:54,6.2,0.023255813953488372,0.0,faible
09/28/1967,15:44:56,5.9,0.031007751937984496,0.0,faible
09/30/1967,07:57:22,5.7,0.046511627906976744,4.007787456066943e-05,elevee
10/03/1967,18:16:07,6.2,0.046511627906976744,0.00021910001562043185,moderee
10/04/1967,17:21:19,6.8,0.03875968992248062,7.575025093348667e-05,elevee
10/07/1967,08:28:02,5.6,0.05023255813953488,0.0,faible
10/08/1967,16:59:36,5.7,0.031007751937984496,1.096496829136317e-05,elevee
10/08/1967,18:08:15,5.9,0.05426356589147287,7.575025093348667e-05,elevee
10/09/1967,17:21:49,7.2,0.9872868217054263,0.0,moderee
10/11/1967,15:52:15,5.6,0.015503875968992248,0.0,faible
10/12/1967,06:35:08,5.6,0.9967441860465116,0.0,faible
10/12/1967,12:53:46,5.8,0.715968992248062,0.0,faible
10/12/1967,18:31:43,6.0,0.13674418604651165,0.0,faible
10/15/1967,08:00:52,7.1,0.24868217054263567,0.005586874376329874,moderee
10/16/1967,16:58:03,5.7,0.1937984496124031,2.410582288282407e-05,elevee
10/17/1967,21:05:24,5.7,0.05426356589147287,0.004858293199129379,moderee
10/18/1967,01:11:44,6.0,0.023255813953488372,0.0,faible
10/18/1967,22:06:26,5.7,0.05426356589147287,0.0,faible
10/25/1967,00:59:25,6.8,0.11023255813953488,0.004948101881138253,moderee
10/26/1967,00:22:24,5.7,0.11627906976744186,0.0039490646818425065,moderee
11/01/1967,18:56:55,5.7,0.023255813953488372,1.0265828736198567e-05,elevee
11/04/1967,10:17:14,5.6,0.8527131782945736,0.0,faible
11/04/1967,13:26:47,6.0,0.05426356589147287,0.0003162104291412327,moderee
11/04/1967,14:30:39,6.7,0.046511627906976744,0.00039581266332658176,moderee
11/04/1967,14:46:03,5.6,0.046511627906976744,0.00041681159202846705,moderee
11/04/1967,16:26:49,6.1,0.14527131782945737,1.585611751500715e-05,elevee
11/07/1967,03:49:20,5.6,0.0724031007751938,0.0,faible
11/08/1967,03:10:54,5.6,0.031007751937984496,3.534578135311447e-06,elevee
11/08/1967,06:07:22,5.6,0.046511627906976744,0.0,faible
11/08/1967,17:09:29,5.8,0.046511627906976744,0.0,faible
11/09/1967,02:18:48,6.2,0.9057364341085272,0.0,faible
11/11/1967,12:14:57,5.9,0.03472868217054263,2.4742046947180127e-06,elevee
11/12/1967,10:36:51,6.4,0.023255813953488372,0.0,faible
11/14/1967,05:28:39,5.9,0.32558139534883723,0.0,faible
11/15/1967,21:31:56,6.3,0.05395348837209302,5.1437301771933365e-05,elevee
11/17/1967,04:58:57,5.7,0.023255813953488372,0.0,faible
11/19/1967,12:07:00,5.8,0.05426356589147287,0.00148069133413213,moderee
11/19/1967,17:29:20,6.4,0.031007751937984496,0.0,faible
11/21/1967,17:02:25,5.7,0.023255813953488372,0.0,faible
11/22/1967,15:19:26,5.9,0.031007751937984496,0.0,faible
11/23/1967,08:35:54,6.5,0.018449612403100776,0.0,faible
11/23/1967,13:42:04,6.5,0.023255813953488372,0.0,faible
11/26/1967,00:08:12,5.7,0.05426356589147287,4.7152686156308826e-05,elevee
11/26/1967,02:54:05,5.7,0.2248062015503876,0.003487831925640699,moderee
11/27/1967,05:13:14,5.6,0.0937984496124031,0.01241902657924573,moderee
11/28/1967,02:36:56,5.6,0.20170542635658914,0.0035878315033293032,moderee
11/30/1967,07:23:52,6.7,0.031007751937984496,0.0046725051686030035,moderee
12/01/1967,13:57:04,6.3,0.22170542635658916,0.0,faible
12/07/1967,09:49:37,5.6,0.21705426356589147,9.727159028377102e-07,faible
12/09/1967,10:50:45,5.8,0.015503875968992248,0.0,faible
12/10/1967,12:06:55,5.6,0.031007751937984496,5.585340369419148e-05,elevee
12/10/1967,22:51:23,6.6,0.023255813953488372,0.0013703870473478388,moderee
12/13/1967,10:38:26,5.8,0.21705426356589147,0.0,faible
12/13/1967,19:07:14,5.7,0.06201550387596899,7.281230958741581e-07,faible
12/16/1967,20:54:03,6.0,0.07751937984496124,1.5431968138769778e-06,elevee
12/18/1967,14:04:22,5.7,0.031007751937984496,0.0,faible
12/21/1967,02:25:26,7.3,0.06976744186046512,2.1813295504261065e-05,elevee
12/23/1967,13:23:15,5.9,0.06976744186046512,5.137580011237894e-05,elevee
12/24/1967,20:03:12,6.4,0.023255813953488372,7.29098639439504e-05,elevee
12/24/1967,21:32:33,6.2,0.023255813953488372,7.29098639439504e-05,elevee
12/25/1967,01:23:32,7.2,0.05426356589147287,0.0,moderee
12/25/1967,10:41:32,6.3,0.07193798449612403,1.8871819580054877e-05,elevee
12/27/1967,09:17:54,6.7,0.17782945736434108,7.813538425919484e-06,elevee
12/27/1967,16:22:47,6.5,0.023255813953488372,0.0,faible
12/31/1967,15:05:33,5.7,0.015503875968992248,0.0,faible
01/02/1968,00:21:12,5.9,0.09302325581395349,0.0,faible
01/04/1968,00:57:44,6.1,0.040310077519379844,0.0,faible
01/04/1968,10:27:39,5.8,0.023255813953488372,0.0,faible
01/06/1968,23:27:23,6.4,0.046511627906976744,0.0003675275552565654,moderee
01/07/1968,09:56:41,5.7,0.1807751937984496,7.455627043937847e-05,elevee
01/07/1968,11:12:31,6.0,0.023255813953488372,0.0,faible
01/13/1968,07:03:45,6.1,0.05426356589147287,0.00048176441367420435,moderee
01/13/1968,16:07:04,5.7,0.27782945736434106,5.287021974798862e-06,elevee
01/14/1968,12:25:11,6.0,0.17984496124031008,0.0,faible
01/14/1968,12:40:46,5.6,0.015503875968992248,0.0,faible
01/14/1968,17:43:08,6.2,0.015503875968992248,0.0,faible
01/15/1968,02:01:06,6.4,0.015503875968992248,0.005011413951613579,moderee
01/19/1968,06:04:39,6.7,0.04263565891472868,0.0,faible
01/19/1968,14:39:39,5.7,0.027131782945736434,4.6232282009873724e-07,faible
01/20/1968,16:41:30,5.7,0.031007751937984496,0.0,faible
01/20/1968,21:21:33,6.1,0.5528682170542636,0.0,faible
01/21/1968,16:42:30,6.5,0.032868217054263564,0.0,faible
01/26/1968,04:45:44,6.8,0.04744186046511628,0.000272986780040136,moderee
01/29/1968,05:00:10,5.6,0.32868217054263565,0.000739857895283392,moderee
01/29/1968,10:19:07,7.4,0.05720930232558139,2.5410789130381055e-05,elevee
01/29/1968,16:42:51,6.1,0.05116279069767442,2.6862793828366995e-06,elevee
01/30/1968,01:48:28,5.9,0.023255813953488372,1.6153022078373313e-06,elevee
01/30/1968,03:44:25,6.3,0.924031007751938,0.0,faible
02/01/1968,12:47:25,5.6,0.05581395348837209,2.6862793828366995e-06,elevee
02/03/1968,03:26:17,5.7,0.05426356589147287,0.0,faible
02/03/1968,05:36:18,5.8,0.03875968992248062,0.0005270706362126265,moderee
02/04/1968,11:00:50,6.6,0.03643410852713178,2.6862793828366995e-06,elevee
02/06/1968,04:37:19,5.6,0.15503875968992248,8.992108159357734e-05,elevee
02/06/1968,11:19:27,5.6,0.06976744186046512,5.108949928341872e-05,elevee
02/10/1968,10:00:04,5.6,0.09302325581395349,0.0,faible
02/12/1968,05:44:45,7.3,0.046511627906976744,0.0,moderee
02/13/1968,02:12:35,5.7,0.13178294573643412,0.0,faible
02/19/1968,13:55:09,5.7,0.046511627906976744,0.0,faible
02/19/1968,22:45:45,7.2,0.023255813953488372,6.3304294403428015e-06,elevee
02/20/1968,02:19:50,5.8,0.015503875968992248,0.0,faible
02/21/1968,01:44:54,6.2,0.015503875968992248,0.003423246700121034,moderee
02/21/1968,08:57:53,5.6,0.05426356589147287,0.00019927103228133464,moderee
02/24/1968,01:11:12,5.7,0.031007751937984496,0.0,faible
02/25/1968,20:00:32,5.6,0.10155038759689923,0.0011898832111337538,moderee
02/26/1968,10:50:19,7.1,0.03875968992248062,0.0008882472614756642,moderee
02/27/1968,05:19:04,5.8,0.04077519379844961,0.0,faible
02/27/1968,10:54:39,5.9,0.03875968992248062,0.0,faible
02/28/1968,12:08:02,6.3,0.5334883720930232,0.0,faible
03/02/1968,22:02:24,5.9,0.023255813953488372,2.4742046947180127e-06,elevee
03/03/1968,22:55:36,5.7,0.6553488372093023,0.0,faible
03/05/1968,18:16:38,6.3,0.05426356589147287,0.001475479952129427,moderee
03/05/1968,18:38:05,6.1,0.05426356589147287,0.0023151811967478428,moderee
03/07/1968,13:22:19,6.3,0.06976744186046512,6.763556645043866e-05,elevee
03/09/1968,03:19:23,5.7,0.11627906976744186,7.575025093348667e-05,elevee
03/10/1968,03:49:34,5.5,0.10852713178294573,1.2088257222765148e-07,faible
03/10/1968,07:11:22,5.8,0.10852713178294573,0.0,faible
03/11/1968,08:26:33,6.4,0.1691472868217054,5.365489609402776e-07,faible
03/17/1968,20:14:34,6.1,0.10077519379844961,0.0,faible
03/22/1968,01:55:44,5.6,0.14852713178294574,0.00021984015628196606,moderee
03/22/1968,09:15:10,5.7,0.03875968992248062,0.0,faible
03/26/1968,00:42:00,6.1,0.8595348837209302,0.0,faible
03/26/1968,19:40:43,5.8,0.13147286821705426,0.004519442383200223,moderee
03/27/1968,04:52:47,5.6,0.06976744186046512,0.0,faible
03/27/1968,22:36:43,5.7,0.027131782945736434,9.623242431198945e-06,elevee
04/01/1968,00:42:07,7.5,0.05302325581395349,0.000767786717877369,moderee
04/01/1968,07:13:19,6.8,0.046511627906976744,0.0006708657577446208,moderee
04/07/1968,04:40:21,5.9,0.05643410852713178,0.0,faible
04/09/1968,02:29:00,6.6,0.015503875968992248,0.0020299937599002386,moderee
04/14/1968,08:37:11,5.6,0.03751937984496124,0.0,faible
04/19/1968,09:04:26,5.8,0.015503875968992248,0.0,faible
04/20/1968,12:25:09,6.3,0.023255813953488372,0.0,faible
04/21/1968,08:34:03,6.3,0.03875968992248062,0.0,faible
04/23/1968,20:29:15,6.2,0.03116279069767442,0.0,faible
04/26/1968,00:42:35,6.2,0.046511627906976744,3.0397371963678443e-08,faible
04/26/1968,15:00:02,5.63,0.0018604651162790697,1.5884394140089643e-06,elevee
04/26/1968,17:47:59,6.1,0.046511627906976744,0.00037925104401576645,moderee
04/28/1968,04:18:14,5.5,0.023255813953488372,0.0,faible
05/02/1968,05:29:39,5.9,0.1275968992248062,0.01257656272673656,moderee
05/02/1968,23:26:04,5.7,0.19426356589147287,0.0,faible
05/03/1968,05:32:47,5.7,0.1510077519379845,3.8312706239894896e-05,elevee
05/07/1968,09:00:29,5.7,0.24713178294573646,0.003063576512059266,moderee
05/08/1968,11:00:05,5.6,0.023255813953488372,0.0,faible
05/08/1968,12:17:13,6.4,0.015503875968992248,0.0,faible
05/09/1968,12:52:24,5.7,0.029147286821705427,6.783420974164316e-05,elevee
05/11/1968,15:33:39,5.8,0.07751937984496124,0.00021345034592895002,moderee
05/14/1968,14:05:06,6.7,0.24821705426356588,5.344282140590908e-07,faible
05/15/1968,07:51:18,5.6,0.039844961240310076,0.001387821000542449,moderee
05/15/1968,15:00:31,5.6,0.031007751937984496,0.0,faible
05/16/1968,00:49:02,8.2,0.04635658914728682,0.0,moderee
05/16/1968,01:04:56,6.0,0.03875968992248062,5.436181172109006e-07,faible
05/16/1968,06:36:52,5.8,0.046511627906976744,5.436181172109006e-07,faible
05/16/1968,08:58:14,6.1,0.04542635658914729,3.12004281160212e-05,elevee
05/16/1968,10:39:02,7.9,0.03875968992248062,3.0611567398678316e-05,elevee
05/16/1968,16:13:46,6.5,0.03875968992248062,0.0,faible
05/16/1968,18:43:22,5.7,0.09193798449612403,0.00045268331860811586,moderee
05/16/1968,19:16:48,6.1,0.06713178294573643,2.81430180289768e-05,elevee
05/16/1968,19:45:07,5.7,0.031007751937984496,0.0,faible
05/16/1968,20:22:16,6.1,0.05751937984496124,6.239095941326353e-05,elevee
05/16/1968,23:04:58,6.5,0.06666666666666667,0.0,faible
05/17/1968,10:42:47,6.1,0.04310077519379845,0.0,faible
05/17/1968,16:02:24,6.3,0.031007751937984496,0.0,faible
05/17/1968,18:17:09,6.1,0.05410852713178294,0.0,faible
05/18/1968,01:02:28,5.8,0.023255813953488372,0.0,faible
05/19/1968,04:12:38,6.3,0.031007751937984496,0.0,faible
05/19/1968,22:16:49,6.1,0.057984496124031004,0.0,faible
05/20/1968,03:16:20,5.9,0.023255813953488372,0.0,faible
05/20/1968,07:13:09,7.0,0.08527131782945736,0.0,moderee
05/20/1968,10:34:20,5.8,0.08046511627906977,0.0,faible
05/20/1968,20:05:51,6.9,0.07751937984496124,0.0,faible
05/20/1968,21:09:46,7.0,0.04387596899224806,0.0,moderee
05/21/1968,00:19:35,5.9,0.05426356589147287,0.0,faible
05/21/1968,04:11:26,5.6,0.046511627906976744,5.436181172109006e-07,faible
05/21/1968,08:20:02,6.3,0.04852713178294574,0.0,faible
05/21/1968,11:00:46,5.8,0.046511627906976744,0.0,faible
05/22/1968,10:51:55,6.0,0.06992248062015505,3.6375757421744224e-05,elevee
05/22/1968,19:29:28,6.0,0.07519379844961241,0.0002922926458152072,moderee
05/23/1968,17:24:18,7.2,0.031007751937984496,0.0031464637831635734,moderee
05/24/1968,14:06:24,6.6,0.04279069767441861,0.0,faible
05/24/1968,15:43:56,6.2,0.9598449612403102,0.0,faible
05/24/1968,20:57:26,5.7,0.023255813953488372,0.0031518766361199892,moderee
05/25/1968,11:52:58,6.1,0.04930232558139535,0.0,faible
05/28/1968,09:06:31,5.9,0.046511627906976744,0.0,faible
05/28/1968,13:27:19,7.5,0.06976744186046512,0.0,moderee
05/28/1968,22:30:00,5.7,0.03178294573643411,0.0,faible
05/30/1968,05:23:48,5.9,0.03751937984496124,0.0,faible
05/30/1968,19:42:26,6.4,0.05426356589147287,0.0,faible
06/01/1968,10:31:50,5.8,0.06976744186046512,0.00039111732973163405,moderee
06/02/1968,08:18:37,5.7,0.05426356589147287,0.0,faible
06/03/1968,14:16:19,5.6,0.24031007751937986,4.508707869403282e-06,elevee
06/07/1968,11:57:34,6.7,0.05426356589147287,5.0570623213155e-05,elevee
06/07/1968,21:30:55,6.2,0.05891472868217054,5.0570623213155e-05,elevee
06/08/1968,00:16:39,5.7,0.023255813953488372,0.0,faible
06/08/1968,05:29:48,5.9,0.06201550387596899,2.6862793828366995e-06,elevee
06/08/1968,23:24:03,6.2,0.023255813953488372,0.0,faible
06/10/1968,12:41:07,5.7,0.2885271317829457,3.181120321780302e-08,faible
06/12/1968,13:41:53,7.0,0.04976744186046512,4.6794279933388244e-05,elevee
06/12/1968,20:15:49,5.7,0.05426356589147287,5.235417134023315e-06,elevee
06/12/1968,21:57:42,6.3,0.04263565891472868,7.778334027691782e-05,elevee
06/13/1968,11:56:24,5.6,0.046511627906976744,0.0,faible
06/13/1968,21:10:37,6.2,0.046511627906976744,1.1187646713887791e-05,elevee
06/14/1968,11:52:39,5.7,0.03798449612403101,7.778334027691782e-05,elevee
06/14/1968,12:17:25,5.7,0.015503875968992248,0.0,faible
06/15/1968,05:59:05,5.6,0.21705426356589147,7.387268302800924e-06,elevee
06/15/1968,07:08:49,6.2,0.015503875968992248,0.0,faible
06/15/1968,11:27:33,5.7,0.046511627906976744,0.0,faible
06/16/1968,19:14:05,5.9,0.015503875968992248,0.0,faible
06/17/1968,11:53:01,6.3,0.058294573643410855,3.470955728875841e-07,faible
06/17/1968,18:09:37,6.3,0.07751937984496124,0.0,faible
06/17/1968,18:57:30,6.4,0.03875968992248062,0.0,faible
06/19/1968,08:13:35,6.8,0.023255813953488372,7.778899560193432e-05,elevee
06/19/1968,19:58:03,5.8,0.031007751937984496,0.0,faible
06/20/1968,02:38:37,5.7,0.023255813953488372,7.778899560193432e-05,elevee
06/21/1968,00:26:08,5.7,0.023255813953488372,0.00010254942235541807,moderee
06/22/1968,01:12:33,6.1,0.02821705426356589,0.0,faible
06/25/1968,23:33:20,5.8,0.03209302325581395,0.0,faible
06/26/1968,10:23:51,5.8,0.06976744186046512,0.0001242284038905373,moderee
06/26/1968,15:40:31,5.9,0.12403100775193798,0.0,faible
07/01/1968,10:45:12,6.1,0.09395348837209302,0.1359076708357718,moderee
07/02/1968,03:44:52,6.4,0.08976744186046512,0.0007620882710076198,moderee
07/02/1968,04:30:53,5.7,0.08527131782945736,0.0,faible
07/02/1968,18:40:10,6.0,0.06976744186046512,8.223549489615612e-06,elevee
07/05/1968,11:28:14,6.3,0.07286821705426356,0.0003637441428205281,moderee
07/06/1968,19:29:00,5.8,0.08527131782945736,0.0,faible
07/10/1968,11:16:45,6.0,0.023255813953488372,0.0,faible
07/10/1968,20:40:31,5.9,0.031007751937984496,0.0,faible
07/12/1968,00:44:37,6.0,0.0337984496124031,0.0,faible
07/12/1968,03:56:28,6.0,0.03085271317829457,0.0,faible
07/17/1968,05:24:15,5.9,0.019224806201550388,0.0002608702461922884,moderee
07/19/1968,04:56:26,5.8,0.023255813953488372,0.0,faible
07/21/1968,06:09:42,5.7,0.023255813953488372,1.2724481287121209e-05,elevee
07/22/1968,05:09:14,6.0,0.015503875968992248,0.0,faible
07/22/1968,17:58:33,5.6,0.05953488372093023,1.6259059422432655e-07,faible
07/23/1968,23:02:39,6.0,0.0413953488372093,0.0,faible
07/25/1968,07:23:07,7.3,0.06976744186046512,0.0,moderee
07/25/1968,10:50:33,5.8,0.02682170542635659,4.508707869403282e-06,elevee
07/27/1968,10:51:32,5.7,0.023255813953488372,0.0,faible
07/28/1968,21:12:40,6.1,0.03658914728682171,4.34753110643308e-07,faible
